date;ipi;ipi(INS);ipi(INV);ipi(IVKON ND);ipi(IVKON D);M.F;IM;EX;NT;RTI;TSV;conscon;manfcon;consbcon;traind;retindi;manprd;ecoten;CCIM;CCA;CPI;PPIC;PPIE;PPICA;EPI;IMPI;PPI;carpass;polrate;govtbnd10;govrtbnd5;trebil;sekeu;sekusd;Govtde
Transform;2;2;5;5;5;2;5;5;5;5;1;5;5;5;5;5;5;5;5;5;5;5;5;5;5;5;5;5;2;2;2;2;5;5;5
1993.01.31;66,56;71,04;40,3;93,7;41,5;60,25;23 080,00;27 170,00;4 090,00;38,2;;0;;;;;;;661,7;223,2;241,46;72,7;51,3;81,8;68,4;58,8;63,6;8473;10,6;10,17;9,56;9,81;8,8;7,2;939224
1993.02.28;66,86;69,11;46,6;89,2;45,4;61,84;25 150,00;29 290,00;4 140,00;37,2;;0;;;;;;;663,4;224,2;242,14;72,9;51,6;82,9;69,3;59,8;64,1;9709;9,98;9,83;9,03;9,37;8,9;7,5;952534
1993.03.31;73,36;75,98;51,3;99,3;47,2;68,4;31 180,00;34 840,00;3 660,00;41,7;;0;;;;;;;666,9;225,7;243,17;73,3;52,4;83,9;70,5;61,2;64,8;13378;9,75;9,4;8,59;9,76;9,1;7,7;964926
1993.04.30;70,31;75,3;48,8;96,3;49,3;66,31;27 390,00;32 030,00;4 640,00;42,6;;0;;;;;;;665,2;225,3;244,19;73,4;52,4;84,3;71;61,4;65;11876;9,69;9,44;8,59;9,53;9,1;7,4;953580
1993.05.31;70,42;78,01;48,9;97,9;44,9;67,11;26 010,00;30 160,00;4 150,00;42;;0;;;;;;;662;225,6;243,62;73,4;51;84,7;70,7;60,8;64,7;10546;9,06;9,12;8,17;8,79;8,9;7,3;953435
1993.06.30;73,26;80,82;53,4;97,3;48,8;70,19;28 040,00;32 610,00;4 570,00;42,2;;0;;;;;;;660,4;225,9;242,82;73,5;50;84,6;70,3;60,4;64,5;10488;8,75;8,71;7,78;8,37;8,8;7,4;960611
1993.07.31;45,05;42,98;27,7;73,5;19,6;40,86;20 010,00;30 070,00;10 060,00;41,6;;0;;;;;;;660,2;226,3;242,35;73,8;50;84,9;70,5;61,4;64,7;7205;8,52;8,27;7,39;8,26;9;8;1003711
1993.08.31;64,43;71,34;43;85,8;42,7;60,25;27 700,00;27 100,00;-600;42,7;;0;;;;;;;657,6;226;242,61;74,1;50;85;71;62,1;65;7943;8,17;7,66;6,75;7,64;9,1;8,1;998871
1993.09.30;73,26;77,34;54,6;96,8;52,4;69,79;30 780,00;36 530,00;5 750,00;42,5;;0;;;;;;;659;226,4;244,77;74,4;50,2;84,9;71,1;62,7;65,1;10888;8;7,82;6,95;7,58;9,4;8;1042354
1993.10.31;74,47;78,59;53,8;100,3;52;70,49;32 200,00;36 090,00;3 890,00;43,5;;0;;;;;;;660,7;227,9;245,5;74,6;51,5;85,5;71,3;63,2;65,4;12241;7,94;7,59;6,76;7,5;9,3;8;1051325
1993.11.30;74,88;77,14;54,9;97,3;51;70,09;32 150,00;36 980,00;4 830,00;42,8;;0;;;;;;;660;228,4;245,6;74,9;51,6;85,9;71,5;62,9;65,6;12669;7,75;7,52;6,59;7,27;9,3;8,3;1086300
1993.12.31;78,53;73,66;66,9;92,6;52,1;73,57;30 600,00;35 430,00;4 830,00;59,5;;0;;;;;;;666,1;230,9;244,66;75,1;51;86,1;71,8;63,2;65,8;12322;7,75;7,3;6,42;6,94;9,4;8,4;1132267
1994.01.31;71,02;74,63;48,2;90,2;50,3;64,72;27 370,00;34 670,00;7 300,00;38,1;;0;;;;;;;658,9;230,2;245,42;75,5;52,7;87,3;72,8;62,8;66,7;10782;7,68;7,05;6,36;7,01;9,1;8,1;1150432
1994.02.28;74,37;75,3;54,4;92,7;58,9;68,7;29 160,00;35 100,00;5 940,00;37,3;;0;;;;;;;659;230,9;246,18;75,4;52,3;87,1;72,3;62,2;66,6;11008;7,43;7,15;6,47;7,03;8,9;8;1147420
1994.03.31;80,46;81,5;61,1;101,5;65,3;75,96;34 430,00;41 510,00;7 080,00;44,7;;0;;;;;;;662,8;231,8;247,09;75,7;52,5;86,9;72,4;62,5;66,7;16369;7,25;7,87;7,17;7,08;9;7,9;1161886
1994.04.30;77,52;82,56;59;97,2;64,9;74,17;31 110,00;37 100,00;5 990,00;40,7;;0;;;;;;;666,3;232,7;248,09;75,9;51,6;86,9;72,7;62,9;66,8;15838;7,25;8,64;7,94;7,12;9;7,9;1150560
1994.05.31;77,82;84,11;58,3;100,2;61,5;74,76;32 770,00;37 790,00;5 020,00;43,6;;0;;;;;;;670,6;234,8;248,65;75,6;50,6;86,9;72,9;63,2;66,8;15756;7,06;8,91;8,21;7,03;9;7,7;1163788
1994.06.30;81,48;88,56;66;99,6;71,6;80,33;33 810,00;40 890,00;7 080,00;43,1;;0;;;;;;;671,8;236,3;248,7;75,9;50,5;87,1;73,4;63,8;67,2;16052;6,93;10,01;9,35;7,02;9,2;7,8;1178643
1994.07.31;47,79;46,85;32,6;74,3;27,8;44,64;24 020,00;33 140,00;9 120,00;40,7;;0;;;;;;;675,7;238,6;248,75;76,6;50,5;87,3;74,4;64,7;68;8242;6,92;10,9;10,26;7,35;9,4;7,8;1206666
1994.08.31;68,59;77,72;48,9;88,8;59,7;66,51;32 500,00;32 060,00;-440;44,6;;0;;;;;;;679,1;241;248,82;76,9;50,8;87,2;75;65,2;68,3;9684;7,05;11,44;10,85;7,72;9,4;7,7;1215294
1994.09.30;82,59;86,24;70,8;96,6;75,1;81,13;36 150,00;41 480,00;5 330,00;43,7;;0;;;;;;;680,2;240,7;251,07;77,1;50,9;87,3;75,4;65,1;68,7;12905;7,2;11,43;10,81;7,74;9,3;7,5;1235317
1994.10.31;85,03;87,4;70,7;101,4;73;82,22;37 950,00;44 110,00;6 160,00;44,6;;0;;;;;;;684,6;242,8;251,34;77;51,9;87,1;75,7;65,3;69,2;13579;7,2;11,13;10,53;7,98;9,1;7,3;1232414
1994.11.30;86,24;87,79;71,1;101,5;80,2;83,21;37 510,00;43 260,00;5 750,00;45,8;;0;;;;;;;688,8;244,9;251,16;77;53,1;86,8;75,9;65,6;69,5;14600;7,39;11,12;10,54;8,14;9,1;7,3;1270227
1994.12.31;89,19;81,98;82,5;99,8;75,2;85,9;42 350,00;50 490,00;8 140,00;62,7;;0;;;;;;;690,1;247,2;250,7;76,8;53,1;87;76,8;66;70;14763;7,52;10,86;10,36;8;9,1;7,5;1286597
1995.01.31;80,77;82,85;63,6;90,5;67,6;75,66;33 700,00;41 700,00;8 000,00;41,1;;0;;;;;;;698,2;250,9;251,64;77,3;54;88,1;79,6;67,2;71,9;13944;7,6;11,03;10,63;8,05;9,2;7,5;1326136
1995.02.28;83,3;83,63;71,3;93,3;73,4;79,83;37 100,00;46 500,00;9 400,00;39,5;;0;;;;;;;700,1;251,4;252,54;77,7;53,9;88,5;80,5;67,8;72,6;13123;7,71;10,74;10,3;7,93;9,2;7,4;1313992
1995.03.31;90,3;89,53;78,3;102,9;76,1;86,99;42 800,00;53 600,00;10 800,00;44,5;;0;;;;;;;706,5;252,4;253,54;77,9;54,1;88,8;80,8;68,1;72,9;17457;8,07;11,2;10,73;8,7;9,5;7,3;1345928
1995.04.30;88,27;89,53;75,7;104,5;74,7;85,7;38 200,00;44 700,00;6 500,00;43;;0;;;;;;;709,8;253;255,21;78,1;53;89,3;82,7;69,1;73,8;15490;8,34;11,44;10,91;8,81;9,8;7,3;1348498
1995.05.31;87,56;90,69;74;103,4;68,2;84,9;39 400,00;49 200,00;9 800,00;46;;0;;;;;;;710,8;254,4;255,49;78,2;52,7;89,8;83,5;69,6;74,2;16420;8,41;10,77;10,32;8,8;9,5;7,3;1355460
1995.06.30;90,91;89,73;86;102,1;73,7;89,98;38 200,00;51 400,00;13 200,00;45,4;;0;;;;;;;719,3;256,7;255,21;78,8;52;89,7;83,4;69,5;74,3;15827;8,61;10,61;10,3;9,19;9,6;7,3;1370401
1995.07.31;56,21;51,59;45,1;77,5;31,6;52,69;30 200,00;37 100,00;6 900,00;42;;0;;;;;;;724,3;257,8;254,96;79,3;51,4;90;84,4;69,3;74,9;8731;8,89;10,58;10,26;9,29;9,6;7,2;1366089
1995.08.31;77,11;80,72;62,9;94,1;66,8;75,06;39 500,00;43 900,00;4 400,00;45,8;;0;;;;;;;724,1;257,5;254,64;79,2;52;90,1;84,6;68,9;75,1;11281;8,91;10,25;9,92;9,18;9,4;7,2;1368964
1995.09.30;87,66;87,5;80,2;99,8;73,4;86,2;39 600,00;50 400,00;10 800,00;46,6;;0;;;;;;;726;258,8;256,34;79,4;52,5;90,2;84,6;68,8;75,2;14679;8,91;9,66;9,41;8,95;9,1;7,1;1374829
1995.10.31;90,3;88,47;82;104,4;73,8;88,19;42 400,00;52 400,00;10 000,00;45,1;;0;;;;;;;727,6;259,4;256,91;79,3;52,4;90;83,6;67,6;74,8;17270;8,91;9,33;9,04;8,89;8,9;6,8;1359784
1995.11.30;91,72;86,05;81,7;106,4;76,2;87,79;41 400,00;52 000,00;10 600,00;46,2;;0;;;;;;;728,5;259,2;256,81;79;52,9;89,4;82,1;67,2;74,2;15629;8,91;9,02;8,71;8,87;8,6;6,6;1369600
1995.12.31;92,94;80,43;89,5;97,8;76,1;87,39;38 000,00;44 800,00;6 800,00;60,8;;0;;;;;;;727,1;258,3;255,99;78,7;53,3;89,1;80,9;66,7;73,6;15209;8,91;8,63;8,31;8,64;8,5;6,6;1386165
1996.01.31;82,39;80,34;67,5;91,6;66;76,75;35 100,00;46 300,00;11 200,00;39,8;;88,1;;;;;;;729,1;257,5;255,62;78,4;53,9;89,1;80,7;66,5;73,7;11714;8,73;8,25;7,84;8,22;8,5;6,7;1411036
1996.02.29;85,74;81,01;74,4;96,7;70,3;80,83;37 800,00;47 400,00;9 600,00;39,1;;89,4;90;91,5;;;-2;;728,1;256,6;255,92;78,4;55,2;89,6;81;66,8;73,8;15207;8,34;8,78;8,14;7,69;8,6;6,9;1380547
1996.03.31;89,19;84,21;79,7;103,8;69,8;85,3;39 800,00;51 100,00;11 300,00;42,4;;89;85,3;88,7;;;-10;;725,9;255,9;257,1;78,2;56,4;89,5;80,1;67,3;73,6;14686;7,75;8,79;8,11;7,11;8,4;6,7;1371928
1996.04.30;87,06;84,69;76,7;106,9;72,3;84,81;38 200,00;49 000,00;10 800,00;43,1;;88,5;88,1;90,9;;;21;;727,5;256,7;257,81;78,2;56,8;89,3;79,5;66,7;73,2;16683;7,17;8,36;7,7;6,28;8,4;6,7;1369604
1996.05.31;88,07;87,69;77;110,3;68,1;86,4;36 800,00;48 200,00;11 400,00;45,3;;88,9;85,2;90,8;;;8;;727,2;256,6;257,53;78,3;56,4;89;79;66,2;72,7;17703;6,67;8,46;7,7;6,22;8,4;6,8;1373428
1996.06.30;91,52;88,66;88,6;107,5;74,9;91,07;35 000,00;48 600,00;13 600,00;44,1;;89,3;81,5;88,9;;;3;;725,7;256,4;256,61;78,4;54,7;89;78,4;65,5;72,3;17740;6,24;8,37;7,57;5,82;8,3;6,7;1373616
1996.07.31;58,75;56,33;43,9;85,6;36,8;55,68;29 300,00;37 600,00;8 300,00;43,4;12;88;87;86,1;83,6;82,9;16;86,4;724,2;256,1;256,02;78,6;55,2;88,8;78;65;72,3;13368;5,82;8,29;7,5;5,46;8,3;6,6;1394503
1996.08.31;79,14;80,92;65,9;98,2;69;77,55;34 400,00;42 300,00;7 900,00;45,4;20;92,5;86,4;87,8;96,5;89,6;14;88,7;723;256,2;254,85;78,7;55,5;88,4;77,7;65,1;72,1;13341;5,44;8,13;7,34;5,2;8,4;6,6;1398772
1996.09.30;88,38;87,31;79,7;102,5;75,8;86,5;39 800,00;48 400,00;8 600,00;44,7;24;93,2;87,7;83,9;93,3;88,8;18;89,6;721,4;256,4;256,31;78,7;57,7;88,5;77,9;65,8;72,3;17030;5,16;7,82;7,03;4,83;8,4;6,6;1394000
1996.10.31;89,69;85,66;78,7;111,8;78;87,29;43 300,00;53 300,00;10 000,00;46,4;15;90,1;92,5;81,7;91,1;87,2;22;91,7;721,7;256,8;256,41;78,9;58,3;88,4;77,5;65,9;72,2;22553;4,92;7,22;6,37;4,64;8,3;6,6;1394822
1996.11.30;92,94;86,63;83,9;113,6;77,3;89,88;41 200,00;52 100,00;10 900,00;45,5;13;90,9;92,9;80,6;92,2;88,5;14;92,4;721,3;257;255,9;78,6;58,7;88,1;77,1;66;71,9;21173;4,56;7,29;6,27;4,46;8,4;6,6;1395538
1996.12.31;98,32;84,89;97,2;112,2;76,7;93,65;38 000,00;44 900,00;6 900,00;59,8;22;91,7;90,6;82,2;93,7;90,7;3;91,8;718,8;257,1;255,51;78,5;59,4;88,9;77,6;66,8;72,1;18956;4,22;6,88;5,75;3,91;8,5;6,8;1411193
1997.01.31;85,94;83,82;68,5;100,9;73,9;80,43;37 800,00;47 600,00;9 800,00;41,2;22;90,6;96,3;79,4;95;91,9;-3;93,9;719,5;257,5;255,46;79;58,7;89;77,9;67,1;72,4;16706;4,1;6,77;5,42;3,79;8,5;7,1;1423377
1997.02.28;87,66;84,4;76,8;99,3;76,6;83,71;38 400,00;49 100,00;10 700,00;38,6;16;92,6;94,9;82,8;93,2;90,4;12;94,2;721,1;258;255,36;79;58,2;89,4;78,2;66,9;72,5;19172;4,1;6,71;5,64;3,96;8,6;7,4;1409109
1997.03.31;93,45;88,66;84,7;105,4;77,1;89,58;41 100,00;51 000,00;9 900,00;44,1;17;95;98,8;81,2;97,7;92,7;18;96,7;723,1;259,2;256,4;79,3;57,5;89,7;78,4;66,8;72,7;22319;4,1;7,13;6,2;4,16;8,8;7,7;1408681
1997.04.30;93,55;90,4;83,1;111,5;78,9;90,87;45 700,00;58 100,00;12 400,00;45,8;6;96,4;98,7;78,4;97,1;90,4;31;97;723;259,5;257,68;79,7;55,6;90,5;79,4;67,2;73,2;26352;4,1;7,27;6,3;4,06;8,8;7,7;1426017
1997.05.31;91,52;92,24;80,8;106,3;73,4;89,28;39 700,00;51 000,00;11 300,00;47;22;97,8;95,1;78,6;101,7;94,8;26;95,8;732,4;262,2;257,7;80,7;55,4;90,8;79,7;67,4;73,6;22090;4,1;7,04;6,14;4,12;8,8;7,7;1428378
1997.06.30;94,56;93,4;91,3;103,5;79,1;93,95;42 100,00;55 300,00;13 200,00;46,7;26;97,9;96,8;78;101,5;95,4;18;96,9;732,6;262,8;258,04;81;54,4;90,4;79,5;67;73,5;23406;4,1;6,83;5,95;4,08;8,8;7,7;1432819
1997.07.31;62,91;57,49;52,9;86,1;42,3;60,05;33 300,00;44 900,00;11 600,00;45,5;38;99,2;100,4;79,9;107,1;100,1;34;99,3;733,5;263;257,55;80,9;54;90,5;79,6;67,6;73,5;18089;4,1;6,47;5,67;4,09;8,6;7,8;1437743
1997.08.31;81,68;84,11;71,8;92,7;73;80,23;39 500,00;46 400,00;6 900,00;45,9;28;98,3;101,1;76,4;98;94,8;32;99,4;735;263,2;257,7;80,8;55,6;90,6;79,9;67,3;73,6;17988;4,1;6,56;5,85;4,2;8,5;8;1424200
1997.09.30;93,55;92,34;90,6;103,2;84,2;93,45;45 300,00;58 300,00;13 000,00;47;26;100,9;104,2;80,5;94,7;94,3;36;102,3;734,7;263,5;260,1;80,9;55,1;90,8;79,6;67,4;73,5;22069;4,1;6,41;5,73;4,13;8,4;7,7;1408084
1997.10.31;97,3;95,24;88,7;109,4;87,5;94,95;47 800,00;61 000,00;13 200,00;50,4;29;104,8;104,4;82,3;94,1;94,8;33;104,4;736,3;264,5;260,28;80,7;56,2;90;78,9;67,3;73,3;25849;4,1;6,25;5,79;4,26;8,5;7,6;1418288
1997.11.30;99,03;93,5;92,6;111,3;90,5;96,34;46 800,00;56 800,00;10 000,00;46,8;35;103,3;103,3;82,8;103,1;99,9;24;104,2;737,6;264,8;259,85;80,5;57,6;90,4;79,4;67,3;73,6;23202;4,1;6,33;5,91;4,33;8,6;7,6;1432670
1997.12.31;102,68;90,4;104,3;110,9;86,8;99,62;43 600,00;53 300,00;9 700,00;62,8;36;106,2;104,7;83,1;99,9;98,7;26;105,3;738,6;265,1;259,72;80,6;57;90,4;79,2;67;73,4;21702;4,23;6,06;5,74;4,45;8,7;7,8;1432076
1998.01.31;87,56;87,69;70,1;100,4;83,1;82,72;42 700,00;51 400,00;8 700,00;43,7;32;105,8;108,4;82,2;96,6;96,2;27;106,6;741,6;265,6;257,24;80,7;56,2;91,1;79,7;66,8;73,6;20599;4,35;5,69;5,36;4,44;8,7;8;1440267
1998.02.28;90,91;88,47;80,4;102,2;88,8;87,79;43 100,00;55 600,00;12 500,00;41;34;103,6;104,4;83,6;96,1;96,8;20;104,3;741,9;265,5;256,9;80,7;54,8;91,2;79,7;66,9;73,4;20876;4,35;5,56;5,22;4,36;8,8;8,1;1413381
1998.03.31;98,72;95,34;88,4;110;93,8;95,44;48 900,00;60 600,00;11 700,00;45,7;31;104;104,8;82,8;98;98,8;32;104,5;744,5;266,1;257,29;80,7;53,9;91;79,4;66,6;73,2;24539;4,35;5,38;5,09;4,51;8,7;8;1406793
1998.04.30;97,41;95,44;86,4;113,4;92,5;94,95;45 300,00;55 600,00;10 300,00;47,4;28;106;99,6;87,8;97,4;97,5;38;102,9;745,7;266,5;258,04;80,9;51,8;90,6;79;66,2;72,8;26815;4,35;5,24;5,02;4,5;8,5;7,8;1398124
1998.05.31;94,06;95,34;82,7;105,6;87,3;91,67;43 600,00;53 300,00;9 700,00;49,1;27;107;104,4;86,7;93,4;95,6;34;104,8;754,6;268,4;258,48;80,8;50;89,8;78;65,8;72,1;24990;4,35;5,23;5,01;4,52;8,5;7,7;1394929
1998.06.30;100,65;98,44;96,9;111,9;100,8;100,41;44 900,00;58 600,00;13 700,00;48,1;34;107,2;106,6;91,7;97;97,2;40;106,3;753,5;268,5;257,94;80,9;49,6;89,9;78,4;65,6;72,3;27020;4,17;5;4,73;4,23;8,7;7,9;1392866
1998.07.31;67,07;58,95;58,5;87,7;55,8;63,83;37 100,00;47 700,00;10 600,00;48,3;32;107,6;104,9;92,3;95,9;95,9;33;105,3;752,8;268,3;257,37;80,9;48;90,4;78,5;66;72,2;20642;4,1;4,91;4,64;4,14;8,8;8;1401988
1998.08.31;86,85;87,5;75,1;100,8;87,5;84,81;41 900,00;48 000,00;6 100,00;49,5;31;105,3;98,7;92,7;94,8;94,9;31;101,2;753,6;268,5;256,05;80,7;47,3;90,3;78,5;66,1;71,9;20112;4,1;4,83;4,63;4,23;9;8,1;1411889
1998.09.30;98,93;94,57;94,9;110,6;102;97,63;49 200,00;62 100,00;12 900,00;48,3;36;105,4;98,5;93,5;94,1;95,5;37;100,9;753,6;268,6;257,08;80,7;48,3;90,8;78,6;66,8;72;23823;4,1;4,82;4,59;4,22;9,1;7,9;1409432
1998.10.31;101,16;95,24;94;114,8;106,2;98,72;51 000,00;62 700,00;11 700,00;51,2;40;105,9;96,8;96,3;100,9;98,3;32;100,1;754,4;269;257,63;80,5;50,2;90,8;78,6;67;72,1;26980;4,1;4,75;4,53;4,2;9,4;7,9;1431075
1998.11.30;104;91,76;100,6;116;110,1;100,61;51 400,00;62 200,00;10 800,00;49,6;33;107;94,9;97,4;95,6;96;12;98,7;752,7;268,9;256,98;80,5;51,1;91;78,5;66,9;72,1;24987;3,83;4,59;4,19;3,82;9,3;8;1429582
1998.12.31;102,58;83,92;105;113;107,8;98,72;45 900,00;57 300,00;11 400,00;66,1;26;105,4;93;98,4;93,9;94,8;6;97;750,2;268,5;256,57;80,9;50,6;91,2;78,5;67,1;72,1;25288;3,5;4,25;3,86;3,45;9,5;8,1;1448859
1999.01.31;87,87;84,01;72,8;100,5;87;82,62;40 400,00;50 600,00;10 200,00;45,1;28;108,7;89,4;95,9;98,6;96,6;-7;95,3;750,5;269,1;256,67;81,2;49,7;90,8;78,1;66,8;71,8;19866;3,4;4,02;3,59;3,27;9,1;7,8;1430113
1999.02.28;94,36;87,02;87,3;105,5;96,2;90,97;43 300,00;54 400,00;11 100,00;42,9;35;107,4;89,1;94,9;102,7;98,9;1;95,5;750,7;269,8;256,65;80,4;49,5;89,8;76,6;65,6;70,8;22583;3,3;4,18;3,67;3,14;8,9;7,9;1427744
1999.03.31;102,99;93,89;96,6;116,3;100,2;99,72;51 500,00;63 500,00;12 000,00;50,1;27;107,9;87,4;94,6;97,9;96,4;8;95,2;750,9;270,3;257,62;80,6;50,4;89,6;76,7;66,1;70,9;30879;3,14;4,44;3,8;3,13;8,9;8,2;1409824
1999.04.30;97,71;92,92;89,3;115;94,1;95,44;46 100,00;57 800,00;11 700,00;49,1;29;107,9;87,7;95,9;100,6;97,1;30;96,8;753,5;271,1;258,19;80,8;48,9;89,9;77,1;67,4;70,9;27367;2,9;4,24;3,53;2,87;8,9;8,3;1396285
1999.05.31;97,91;94,86;90,3;111,7;91,7;95,74;45 500,00;55 100,00;9 600,00;50,4;34;108,4;96,7;92,3;106,1;100,4;19;102;755;271,5;258,68;80,8;48,1;90,1;77,4;67,9;71;29182;2,9;4,5;3,8;2,92;9;8,4;1405587
1999.06.30;102,68;98,15;101,4;112,5;104,7;102,3;47 900,00;62 800,00;14 900,00;50,6;36;109,9;97,9;95,1;105,6;100,8;21;103,2;756,1;271,8;259,06;80,8;48;90,4;77,6;68,2;71,1;31292;2,9;4,87;4,28;2,97;8,8;8,5;1391259
1999.07.31;67,98;65,04;55,7;90,1;51,5;65,22;37 700,00;49 700,00;12 000,00;50,3;37;110;97,3;96,8;104,2;101,2;29;103,1;757,3;272;257,93;80,8;49;90,5;77,6;68,6;71,3;24377;2,9;5,26;4,81;3,01;8,7;8,5;1385363
1999.08.31;84,01;86,73;71,9;94,3;90,1;82,02;45 200,00;52 200,00;7 000,00;52,5;43;113,1;101,9;96,5;110,4;104,5;37;106,6;756,5;271,9;257,93;80,7;50,4;90,5;78,2;68,9;71,6;22724;2,9;5,49;5,09;3;8,8;8,3;1385952
1999.09.30;101,97;96,89;100;113,6;106,4;101,51;51 900,00;64 600,00;12 700,00;50,3;51;114,1;103,1;99,3;115,4;108,1;45;108;758,2;272,7;259,76;80,7;51,3;90,4;78,5;69,8;71,9;27502;2,9;5,69;5,29;3,05;8,6;8,2;1372939
1999.10.31;104,2;98,82;97,1;119,4;108,8;102,2;53 200,00;63 700,00;10 500,00;53,3;47;114,4;101,3;97,7;112,5;107,2;35;106,6;762,7;274,3;260,06;80,5;54;90,6;78,7;69,7;72,3;30498;2,9;5,92;5,53;3,23;8,7;8,1;1373448
1999.11.30;106,94;99,11;101,4;122,2;112,8;104,79;54 400,00;66 000,00;11 600,00;53;48;112,3;104,4;98,5;114;108,4;23;108,3;766,7;275,5;259,35;80,6;55,4;91,2;79,4;70,8;72,8;32028;3,06;5,56;5,17;3,38;8,6;8,3;1372916
1999.12.31;104,51;91,37;106,1;106,4;105,3;101,01;52 600,00;62 400,00;9 800,00;72;52;115;105,6;97,7;116,7;109,5;22;110,2;767,5;275,7;259,94;80,9;57,5;91,6;79,9;71,4;73,4;37334;3,25;5,59;5,26;3,41;8,6;8,5;1374180
2000.01.31;89,6;99,9;81,3;81,6;138,5;90,2;48 400,00;55 900,00;7 500,00;47,5;53;118,1;105,4;95,3;116,6;109,7;18;111,7;769,3;276,9;257,82;80,4;57,6;92,2;80,3;72,1;73,9;19719;3,25;5,95;5,68;3,57;8,6;8,5;1358417
2000.02.29;96,3;101,3;96,9;85,3;157,4;97,9;52 100,00;63 600,00;11 500,00;47,5;56;118;107;103,9;117,2;111,5;29;113;772,6;277,6;259,04;80,1;58,2;91,7;80,4;72,6;73,9;24423;3,61;5,9;5,76;3,9;8,5;8,6;1330188
2000.03.31;108,2;113,8;113,9;94;168,3;111;58 600,00;72 900,00;14 300,00;53,4;50;119;110,1;106,6;117,2;112,7;41;114,9;777,5;279,9;260,28;80,1;59,6;90,1;80,2;72,5;73,7;34080;3,75;5,51;5,44;4,06;8,4;8,7;1312979
2000.04.30;101,5;109,9;104,2;94,6;157,8;105,8;51 400,00;62 900,00;11 500,00;52;49;118,5;109;102,3;115,1;113,2;46;114,3;787,1;283;260,05;79,8;57,3;89,7;80;71,4;73,5;30734;3,75;5,42;5,36;3,99;8,3;8,7;1309238
2000.05.31;102,8;113,4;102,9;95,1;161,9;106,8;59 800,00;72 200,00;12 400,00;56,6;54;116,9;107;106,9;115,7;113,6;35;113,2;788,8;283,7;261,29;79,5;58,1;89,8;80,5;72,6;73,8;39066;3,75;5,34;5,34;3,96;8,2;9,1;1307239
2000.06.30;106,3;116,2;112,4;97,4;160,2;112,2;54 100,00;66 700,00;12 600,00;53,8;54;115,7;107,3;108,3;113,5;112,7;33;113;789,7;284;261,24;79,7;59;89,9;80,8;73,8;74;33739;3,75;5,13;5,16;3,94;8,3;8,7;1241329
2000.07.31;74;79;67,8;78,1;81,6;75,3;46 200,00;56 000,00;9 800,00;52,7;61;115,3;108,2;108,3;113,3;112,7;36;113,9;790,7;284,5;260;79,9;57,8;89,4;80,7;72,7;74;23840;3,75;5,31;5,32;4,03;8,4;8,9;1229438
2000.08.31;94,6;104;91,2;89,1;149,5;97,6;56 200,00;61 900,00;5 700,00;56,4;52;117,3;107;106,6;111,9;111,1;34;112,8;791,3;284,9;260,18;80,1;59,8;89,2;81,3;74,1;74,4;28105;3,75;5,31;5,25;4;8,4;9,3;1238303
2000.09.30;108,2;112,9;114,5;102;174,9;112,9;61 800,00;72 900,00;11 100,00;53,9;50;114,8;104,9;106,6;109,8;108,8;37;110,3;792,9;285,4;262,02;80,3;63,2;89,1;82;76;74,9;30290;3,75;5,26;5,08;3,94;8,4;9,7;1229752
2000.10.31;112,6;118,5;118;105,9;180,6;117,3;62 000,00;76 200,00;14 200,00;54,7;49;115,8;107,4;109,2;112,9;109,5;34;110,5;794,8;286,1;262,59;80,5;66,4;89,3;82,7;76,9;75,7;29358;3,75;5,23;5,01;3,99;8,5;10;1240375
2000.11.30;114,8;116,8;124,2;106,3;189,6;119;63 900,00;77 000,00;13 100,00;55,2;37;114,6;107,3;109,9;102,5;104,6;26;108,6;797;286,9;262,74;80,6;67,7;89,6;83,4;77,5;76,2;29294;3,75;5,13;4,9;4;8,6;10,1;1288849
2000.12.31;103,1;101,9;111;94,4;159;105,2;57 900,00;66 000,00;8 100,00;73,6;30;112,4;101,8;108,3;92,8;99,9;15;103,7;798,5;288,1;262,48;80,6;66;89,5;83;76,3;76;32001;3,9;4,92;4,6;4,07;8,7;9,7;1279205
2001.01.31;98,5;104,5;92,7;94,4;147,1;99,7;56 900,00;64 900,00;8 000,00;50,7;31;108,6;97,5;112,4;95,8;101,8;3;100,3;801,8;288,9;261,7;80,9;66,4;88,2;82,8;76;76;20277;4;4,89;4,51;4,07;8,9;9,5;1222937
2001.02.28;99,5;103,1;102,2;92,5;147,8;101,9;54 800,00;65 200,00;10 400,00;47,7;25;106,5;94;103,2;93;98,5;10;96,7;803,5;289,1;262,65;81;68,7;87;82,5;76,2;75,8;21487;4;4,86;4,51;4,01;9;9,7;1185971
2001.03.31;111,4;113,4;115,9;107,6;167,9;114,8;61 400,00;76 400,00;15 000,00;55,4;24;105,4;90,5;106,9;93,9;97,5;9;94,7;808,6;290,8;264,59;81,5;66,2;87,3;82,3;76,6;75,7;28105;4;4,75;4,33;4,06;9,1;10;1185103
2001.04.30;98,6;107,2;96,1;98,1;143,4;102,4;56 400,00;65 500,00;9 100,00;54,3;25;103,2;87,7;104,9;91,8;94,5;16;93,1;819,5;293,1;266,89;82;68,9;87,4;82,9;77,2;76,1;26981;4;4,93;4,51;3,94;9,1;10,2;1186266
2001.05.31;102;111,3;98,7;102,1;145,4;106;57 200,00;69 300,00;12 100,00;58,6;17;103,4;86,2;106,8;88;91,5;14;90,7;821,4;293,4;268,7;82,1;66,4;87,1;82,3;77,7;75,7;29784;4;5,27;4,82;4,01;9,1;10,3;1194916
2001.06.30;101,8;111,3;106,8;97,5;152;107,9;52 600,00;68 800,00;16 200,00;57;15;102,9;84,9;108,1;86,4;89,7;4;88,4;823,2;293,6;268,31;82,5;67,3;87,2;82,6;78,1;76;28683;4;5,38;5,03;4,17;9,2;10,8;1163644
2001.07.31;73,2;77,3;62,5;86,5;74,9;74,9;46 500,00;55 600,00;9 100,00;55,2;18;102,1;84,3;107,9;87,2;90,2;9;84,4;826,1;294,5;266,94;82,6;65,5;87,6;82,6;78,1;76;19135;4,17;5,42;5,08;4,31;9,3;10,8;1156940
2001.08.31;93,6;103,4;88,5;93;139,4;96,9;52 800,00;62 000,00;9 200,00;60,3;10;100,9;85;104;85,8;88,2;14;84,6;825,1;294,1;267,6;82,7;65,5;87,6;82,5;78,1;75,8;22203;4,25;5,16;4,77;4,28;9,3;10,3;1166956
2001.09.30;105,7;109,1;110,3;103,8;157,1;109,8;53 000,00;68 200,00;15 200,00;55,9;6;97,7;85,9;103,7;83,8;86,8;10;85,9;824,2;294,3;269,85;82,6;65,7;87,9;83;78,8;76;22146;4,05;5,26;4,74;4,01;9,7;10,6;1145602
2001.10.31;109,6;113,9;111,2;109,1;161,8;113,5;61 000,00;76 500,00;15 500,00;58,4;11;99,1;83,9;100,5;87,8;87,6;4;86,1;824,7;294,8;269,12;82,9;66,1;88,3;83,5;78,2;76,4;24429;3,75;5,17;4,6;3,69;9,6;10,6;1136753
2001.11.30;108,8;110,8;115;105,1;163,8;112,7;59 400,00;73 600,00;14 200,00;59,1;9;101,2;85,1;98,3;90,2;88,5;1;88,4;825,1;295;269,22;83;65,7;87,2;82,5;77,4;75,9;23916;3,75;4,96;4,49;3,68;9,4;10,6;1126924
2001.12.31;102,7;103,8;110,1;96,4;153,2;105,8;50 700,00;60 500,00;9 800,00;75,9;12;101,5;87,6;101,4;94,8;90,7;3;90,4;825,1;295,7;269,46;83;64,7;87,8;82,1;77,3;75,7;23116;3,75;5,24;4,9;3,71;9,4;10,6;1156827
2002.01.31;96,2;99,6;87,3;100;132,2;97,2;53 600,00;66 000,00;12 400,00;54,4;8;100,1;87,2;103;99,6;92,1;-7;91,7;827,3;297;268,8;82,6;66,8;87,9;81,9;77,8;76,1;19303;3,75;5,27;5,01;3,74;9,2;10,4;1149272
2002.02.28;100,1;101,2;104,1;101,9;133,8;103,6;52 600,00;66 800,00;14 200,00;50,7;7;104,9;88,2;100,5;97,9;92,8;11;91,6;831,4;298,1;269,45;82,5;65,8;87,7;81,4;77,4;75,7;21274;3,75;5,36;5,18;3,87;9,2;10,6;1128475
2002.03.31;112;112,5;119,7;111;150,7;116,3;57 400,00;70 400,00;13 000,00;59;12;106,8;91,6;98;100,4;95;22;94,6;835,2;298,8;271,76;82,3;66,4;87,9;81,3;78,1;75,7;26565;3,85;5,63;5,46;4,09;9,1;10,3;1128326
2002.04.30;103;107,5;106,2;100,4;142,9;106,6;58 800,00;72 000,00;13 200,00;59,1;21;105,8;91,2;98,7;106,1;99,3;26;94,1;845,3;301,7;272,94;82,4;67,5;87,4;81;77,8;75,7;27422;4;5,69;5,46;4,25;9,1;10,3;1133137
2002.05.31;102,4;110,8;101;105;136,8;107,1;54 200,00;70 700,00;16 500,00;62,6;17;105;92;93,4;104,4;99,2;21;92;847,3;302,4;273,64;82,4;65,6;87,4;81,3;78,1;75,7;28869;4,24;5,69;5,45;4,29;9,2;10,1;1118338
2002.06.30;101,8;109,9;108,5;101,9;145,9;108,8;52 700,00;67 600,00;14 900,00;59,2;19;103,9;101,1;91,1;105,2;99,9;25;95,6;848,1;303,5;273,24;82,2;65,6;87,4;81,2;77,6;75,6;26529;4,25;5,52;5,27;4,28;9,1;9,6;1093801
2002.07.31;73,9;79,4;62;90,1;76;76,6;45 900,00;57 000,00;11 100,00;59,2;30;104,5;93,5;88,7;108,7;101,8;20;93,3;848,6;303,7;272,27;82,1;65,3;87,1;80,8;77,7;75,4;20542;4,25;5,37;5,06;4,26;9,3;9,3;1136064
2002.08.31;91,6;104,8;86,2;93,2;133,2;96,7;50 600,00;58 800,00;8 200,00;62,3;28;101,5;92,6;92,5;104,6;100,3;25;91,3;849,4;304,3;272,43;82,3;66,5;87,5;81,4;78,7;75,9;22252;4,25;5,13;4,83;4,19;9,3;9,5;1147839
2002.09.30;105;111,3;114;106,1;158,9;112,1;56 500,00;68 800,00;12 300,00;59,8;27;101,9;95,9;88,3;105,1;100,2;21;92,4;850,9;305;274,5;81,8;68,5;86,7;81;78,1;75,8;25293;4,25;4,97;4,62;4,17;9,2;9,4;1148053
2002.10.31;109,2;115,1;116,9;107,2;164,1;115;60 900,00;73 200,00;12 300,00;63,7;25;99,3;92,3;87,7;103,5;99,3;13;87,9;851,1;305,6;275,39;81,7;72;86,7;80,8;77,5;76;27319;4,25;5,07;4,62;4,07;9,1;9,3;1156138
2002.11.30;108,8;112,8;119;101,2;165,7;113,8;60 000,00;72 300,00;12 300,00;61,4;27;99,8;90;90,1;105,1;100,7;10;89,4;849,8;305,8;274,72;81,7;74,3;86,4;80,5;76,7;76,1;25297;4,15;5,05;4,54;3,91;9,1;9,1;1152662
2002.12.31;103,8;100,7;116,3;104,4;128,8;107,9;53 500,00;62 200,00;8 700,00;78,9;26;98,5;92,9;86,7;104,3;100;-2;91,1;849,4;306,8;275,07;81,6;83,3;86,4;80,7;76,7;77;23254;3,83;4,89;4,39;3,66;9,1;8,9;1160329
2003.01.31;99,2;100,4;93;108,4;136,8;101,4;56 400,00;65 300,00;8 900,00;56,4;26;95,8;92,6;89,8;101,5;97,9;-4;88,8;857,6;308,9;275,96;81,3;86,7;87,1;81,3;78;77,6;22571;3,75;4,7;4,23;3,65;9,2;8,6;1248286
2003.02.28;98,4;101,9;102;97,5;141,7;102,2;57 400,00;67 000,00;9 600,00;52,4;17;96,6;100;93,3;97,9;95,3;30;94,6;859,5;309,6;278,4;81,5;84,5;87,4;81,3;78,6;77,5;22423;3,75;4,47;3,97;3,61;9,1;8,5;1217164
2003.03.31;109,9;113,5;120,1;106,3;148,7;115,4;61 900,00;74 900,00;13 000,00;59,5;15;93,9;100,2;92;92,7;92,6;30;91,4;865;310,8;279,83;81,5;82,4;87;80,9;77,6;77,3;28834;3,64;4,57;4,03;3,4;9,2;8,5;1221628
2003.04.30;105,8;108,6;112,1;110,5;144,6;111,6;59 200,00;72 200,00;13 000,00;61,4;14;94,4;95,8;88,6;91,8;90,8;35;87,9;870,7;313,3;278,84;81,6;75,8;86,2;80,4;76,5;76,4;27615;3,5;4,72;4,17;3,42;9,2;8,4;1234663
2003.05.31;103,1;108,7;107,9;108,3;142,3;109,5;53 800,00;69 000,00;15 200,00;64,6;9;96,1;95,3;85,3;92,2;89,7;29;90,1;868,3;312,8;278,51;81,4;71,6;85,7;79,3;75,5;75,5;29681;3,5;4,37;3,77;3,26;9,2;7,9;1198771
2003.06.30;104,8;111,4;116,1;107,1;154;113,4;55 300,00;68 900,00;13 600,00;62,6;2;97,5;86,9;87,1;88,8;87,3;10;87;865,4;312,3;277,74;81,5;70,1;85,6;78,9;75,2;75,1;29066;3,17;4,2;3,53;2,8;9,1;7,8;1194515
2003.07.31;76,8;80,4;67,9;93,9;83,9;80,3;45 100,00;58 300,00;13 200,00;62,1;3;101,2;84,4;83;88,3;84,8;4;86,1;863,8;311,8;276,78;81,1;73,2;84,8;78,7;75,1;75,2;22098;2,82;4,51;3,85;2,7;9,2;8,1;1193146
2003.08.31;93,6;103,9;95,5;96,8;150;100,7;51 900,00;59 500,00;7 600,00;65,1;8;101,5;89,9;85,3;90,9;87,5;21;89,3;865,6;313;276,7;81,1;75,4;84,7;78,9;76,4;75,4;21470;2,75;4,7;4,18;2,7;9,2;8,3;1224571
2003.09.30;108,5;111,7;125,1;110,3;159,4;117,3;60 100,00;76 600,00;16 500,00;62,3;12;104,8;89,2;85,9;96,9;90,8;21;90,1;865,8;312,8;278,71;81,1;74;84,7;78,9;76;75,4;26148;2,75;4,73;4,18;2,71;9,1;8,1;1198907
2003.10.31;111,1;114,3;122,8;112,6;167,1;118,1;62 600,00;76 700,00;14 100,00;67;12;101;91,9;86,1;93,1;90,4;20;90,7;867,1;313;278,9;80,9;76;84,2;78,1;75,5;75,2;29431;2,75;4,85;4,31;2,73;9;7,7;1207175
2003.11.30;109,5;111,6;121,8;105,6;170,4;115,5;59 600,00;70 400,00;10 800,00;62;14;96,5;91,8;84,8;97,4;93,7;20;90,1;868,5;313,4;278,32;80,6;77,3;83,9;77,9;75;75,2;23901;2,75;4,98;4,45;2,73;9;7,7;1228653
2003.12.31;106,8;100,6;120,8;108,8;134,9;110,7;56 000,00;67 100,00;11 100,00;82;10;97,4;94,1;80,8;91,7;91,3;13;93,6;868,1;313,3;278,57;80,6;75,4;83,5;77,5;75,1;74,8;23839;2,75;4,86;4,3;2,69;9;7,4;1228740
2004.01.31;103,1;102,4;101,6;108,5;128,2;104,6;52 200,00;64 100,00;11 900,00;58,2;6;100,4;94,8;84,2;88,6;89,9;17;93,2;872,7;315,1;277,96;80,5;76,8;83,4;77,5;75,5;75,1;19134;2,75;4,65;4;2,6;9,1;7,2;1265428
2004.02.28;104,7;103,2;113,1;103,8;139,8;108,2;56 000,00;71 800,00;15 800,00;56,2;6;103,9;95,1;87,8;91,9;92,1;29;95,4;873,3;315;277,29;80,5;76,6;83,5;77,8;75,9;75,3;20844;2,59;4,55;3,86;2,46;9,2;7,3;1258230
2004.03.31;114,9;115,2;131,7;106,2;159,1;119,8;66 400,00;81 700,00;15 300,00;62,3;6;100,4;95,7;91,5;93;93;38;95,5;876;316;279,38;80,7;78,7;83,7;78,6;76,8;76;29743;2,5;4,31;3,53;2,27;9,2;7,5;1267140
2004.04.30;110;109,2;118,4;117,5;143;115,7;62 600,00;77 900,00;15 300,00;64,6;8;103,8;98,7;90,3;91,7;92,2;42;98,9;886,4;319,9;279,44;80,9;78,4;84;79,3;77,5;76,5;30351;2,09;4,55;3,75;2,02;9,2;7,7;1246389
2004.05.31;108,5;112,7;118,5;110,6;139,6;115,5;60 100,00;75 400,00;15 300,00;65,2;9;100,3;100,8;92,6;95,1;93,9;42;100,2;891,4;321,7;280,13;80,7;78,6;84,2;79,5;78,6;76,5;28915;2;4,68;3,97;2;9,1;7,6;1227737
2004.06.30;109,8;116,8;126,3;109,4;150,6;119,2;62 500,00;82 700,00;20 200,00;65,9;12;102,7;100,4;95,3;92,9;92,7;33;101,5;894,4;323,8;278,91;80,6;77,7;83,9;79,4;77,9;76,4;32539;2;4,72;4,03;1,98;9,1;7,5;1230559
2004.07.31;78,5;79,2;66,5;97,8;76,6;79,6;49 700,00;63 800,00;14 100,00;64,8;14;101;101,5;101,8;89,1;89,7;31;101,7;897,2;324,5;278,49;80,5;77,7;83,9;79,7;78,7;76,6;20888;2;4,57;3,88;1,99;9,2;7,5;1229532
2004.08.31;98,5;108,3;103;97,9;143,4;105,1;61 100,00;67 700,00;6 600,00;67,1;17;102,5;101,9;98,2;91,7;92;33;104,4;900;325;278,16;80,3;80,2;83,7;79,8;79,9;76,8;21570;2;4,42;3,85;2,02;9,2;7,5;1237953
2004.09.30;114,3;115,4;135,2;110;167,1;122,2;68 400,00;82 300,00;13 900,00;65,1;13;102,4;105,5;100,9;91,3;91,2;39;107;900,8;325,6;280,19;80,4;80,1;83,6;79,9;80;76,9;26357;2;4,37;3,9;2;9,1;7,4;1242692
2004.10.31;117;118,9;127,6;113,5;165,6;122,4;66 800,00;79 200,00;12 400,00;67,1;11;103,4;100,3;102,9;90;89,4;27;103,7;902,9;326,8;281,02;80,2;83,5;83,1;79,9;80,7;77,2;26453;2;4,25;3,75;1,99;9,1;7,3;1246468
2004.11.30;116;115;129,4;112,1;163,2;120,5;69 200,00;80 700,00;11 500,00;66,5;11;103,5;102,7;104,8;86,1;89,1;24;103,5;902,8;327,1;279,41;80,2;84;83;79,7;79,4;77,2;26703;2;4,13;3,6;1,99;9;6,9;1237073
2004.12.31;107,2;102,7;122;98,6;133,6;109;64 500,00;77 300,00;12 800,00;85,6;10;105,1;100;108,8;90,5;92,1;21;101,9;904,8;328,1;279,35;80;79,2;82,4;78,4;77,8;76,3;28039;2;3,9;3,33;1,99;9;6,7;1257326
2005.01.31;102,7;105,7;103;99,4;129,4;103,7;58 700,00;68 400,00;9 700,00;59,4;14;105,1;101;105,7;88,2;91;20;104,4;909,3;329,3;277,89;79,9;80,9;82,7;79,2;78,8;77;19510;2;3,84;3,16;2;9,1;6,9;1286784
2005.02.28;108,5;103,6;120,5;106,9;142,2;111,6;61 700,00;74 300,00;12 600,00;57,1;14;103,9;98,5;102,3;90,5;92,1;25;102,8;914,1;330,5;279,2;80,2;82,3;83,2;79,8;79,7;77,7;21542;2;3,76;3,1;1,97;9,1;7;1269500
2005.03.31;120,8;113,7;145;112;161,2;126,4;69 000,00;82 500,00;13 600,00;64,9;8;105,7;94,3;102,3;88,5;90,5;20;102,2;918,7;332,1;279,75;80,2;84,9;83,3;80,3;81,5;78,2;27288;2;3,86;3,2;1,97;9,1;6,9;1269454
2005.04.30;108,5;107;120,9;109,6;146,6;113,6;71 000,00;84 200,00;13 200,00;66;6;101,4;90,3;103,8;87;89,4;24;98,4;924,9;334,1;280,16;80,4;86,7;83,3;81,3;81,7;78,8;30022;2;3,58;2,97;1,99;9,2;7,1;1251464
2005.05.31;109,3;111,8;122,4;107,4;138;115,2;69 200,00;80 400,00;11 200,00;69,1;8;102,5;93,3;107,3;88;90,3;25;98,3;924,6;334,3;280,35;80,4;83;83,6;81,6;81,5;78,7;29844;2;3,34;2,72;1,9;9,2;7,2;1245837
2005.06.30;115,1;115,5;136,6;111,8;154,4;123,5;68 900,00;87 500,00;18 600,00;70,2;17;102,7;93,5;106,9;91,4;93,9;16;100,5;926;334,6;280,45;80,8;83,7;84;82,1;83,6;79;30481;1,84;3,11;2,44;1,65;9,3;7,6;1248052
2005.07.31;84,1;81,7;87;93,6;79,9;86,3;57 900,00;71 400,00;13 500,00;68;21;102,6;90,1;111,6;91;94,4;9;98,9;928,4;335,4;279,41;81,4;86,3;84,4;83,3;84,8;79,8;20453;1,5;3,06;2,4;1,48;9,4;7,8;1243059
2005.08.31;97,4;102,6;99,8;99,3;128,6;101,4;67 700,00;77 400,00;9 600,00;71,2;25;105,4;96,1;109,2;93,9;97,4;24;99,8;927,7;335,4;279,95;81,6;88,4;84,7;84;87,2;80,3;23547;1,5;3,14;2,57;1,48;9,3;7,6;1254413
2005.09.30;116,7;115,1;137,9;111,4;166,7;123,6;75 500,00;89 300,00;13 800,00;68,6;29;104,8;93,6;110,5;97;98,8;21;102;929,9;336;281,87;81,4;90,3;84,4;83,9;86,5;80,5;29056;1,5;2,98;2,5;1,47;9,3;7,6;1257816
2005.10.31;120,1;118,5;135,7;121,3;158,5;127;77 700,00;87 600,00;9 900,00;70,2;27;105,4;97,2;108,4;97,1;99,7;30;103,7;934,1;337,9;282,37;81,4;91,7;84,4;84;86,5;80,7;26704;1,5;3,17;2,87;1,49;9,4;7,8;1277615
2005.11.30;116,6;114,5;132,3;113,4;155,2;121,6;79 400,00;89 800,00;10 400,00;71,1;36;105,3;93,7;108,7;100,5;102,9;21;104,3;934,4;338,4;281,69;81,8;92,4;84,9;84,7;86,6;81,4;26876;1,5;3,39;3,08;1,51;9,6;8,1;1313370
2005.12.31;111,7;103,1;135,5;98,1;141,7;114,2;77 000,00;84 600,00;7 600,00;91,6;40;107,5;99,3;108,8;101,9;105;21;105,8;936,3;339,5;281,82;81,9;93,4;85,1;85;87,3;81,7;26456;1,5;3,37;3,16;1,69;9,4;8;1309462
2006.01.30;110;106,5;113,5;114,3;130,3;111,7;68 900,00;83 900,00;15 000,00;63,9;46;111,2;102,2;111,9;107,8;109,4;19;108,7;947,6;343;279,59;81,8;97,2;85,5;85,3;88,1;82,3;19173;1,56;3,33;3,12;1,83;9,3;7,7;1303294
2006.02.28;109;104,3;120,1;112,1;137,6;112,9;72 400,00;83 000,00;10 500,00;60,4;47;108,6;101,4;112,1;111,2;111,5;34;109,8;950,2;345;280,9;81,4;98,1;84,9;84,5;87,2;82,1;20326;1,75;3,42;3,17;1,93;9,3;7,8;1292834
2006.03.31;122,3;115;146,1;118;171,7;127,7;83 900,00;105 800,00;21 800,00;69,8;47;107,5;100,9;110,5;109,9;110,5;28;107,5;956,4;347,1;282,89;81,5;101,4;84,9;85,3;88,1;82,8;28007;2;3,55;3,3;1,96;9,4;7,8;1267689
2006.04.30;113,1;111,8;126,4;116,1;145,9;119,3;73 400,00;85 100,00;11 700,00;71;50;108,4;100,3;112,4;111,2;111,2;28;108,1;967,4;353,1;284,32;81,3;101,2;85;85,8;90,2;83,2;28751;2;3,84;3,53;2,05;9,3;7,6;1243138
2006.05.31;116,2;116,4;134,3;114,4;146,3;123,1;81 800,00;94 700,00;12 900,00;76,6;56;110;98,8;111,8;112,2;112,3;27;107,4;969,9;354;284,76;81,2;96,4;84,8;85,7;89,8;83;32556;2;3,89;3,54;2,11;9,3;7,3;1236131
2006.06.30;116,4;114,4;143,7;117,8;168,2;127,1;78 300,00;94 800,00;16 500,00;76,7;55;107,7;105,2;108,5;111,8;112,6;31;108,2;976;358;284,68;81,1;97,9;84,7;85,5;89;83,1;31662;2,09;3,93;3,67;2,21;9,2;7,3;1237696
2006.07.31;82,9;82,8;83,4;100;80,1;87;66 800,00;75 900,00;9 000,00;73,1;63;107,8;101,8;106,5;117,7;116,3;24;106;982,1;360,8;284,19;80,8;100,1;84,5;85,7;89,9;83,4;21791;2,25;3,96;3,73;2,28;9,2;7,3;1217857
2006.08.31;101,5;105;117,2;106,5;130,4;110,6;74 900,00;82 800,00;7 900,00;76,6;56;106,4;101,4;109,9;103,3;108,5;18;106,9;984,6;362,1;284,38;80,9;103,9;84,8;86,2;91,5;84,2;24677;2,25;3,84;3,69;2,43;9,2;7,2;1227652
2006.09.30;119,8;118,8;154,1;115,7;167,9;132,4;83 800,00;94 400,00;10 600,00;73,7;58;108,3;102,7;110,1;110,3;112,8;17;108;987,2;364,5;286,04;80,9;101,2;84,6;86,1;89,3;84,1;27242;2,46;3,7;3,6;2,54;9,3;7,3;1221195
2006.10.31;122,8;122,8;146,6;119,7;171,2;132,2;89 200,00;98 500,00;9 300,00;75,9;61;107,7;103,7;112,9;113,8;114,2;18;109,7;994,1;369;286,07;80,9;99,8;84,6;86,8;89,1;84,7;26796;2,5;3,73;3,64;2,74;9,3;7,3;1221758
2006.11.30;122,4;119;146,9;118,7;162,7;129,8;87 300,00;99 200,00;11 900,00;76;55;106,7;107,2;116;111,8;113;25;111,7;996,8;370,2;286,43;80,8;100,4;84,6;87;89,3;84,8;27169;2,75;3,62;3,58;2,9;9,1;7,1;1240719
2006.12.31;122,3;110,1;156,8;112,2;148,6;128;78 900,00;91 300,00;12 300,00;97,6;52;107,1;102,6;115,4;113,8;113,3;13;110,2;998,6;370,9;286,43;80,6;97,1;84,4;86,3;88,4;84,2;25672;2,85;3,65;3,68;3;9;6,8;1269957
2007.01.31;113,9;110,9;124,8;107,2;152,7;116;79 300,00;89 300,00;10 100,00;67,2;52;105,5;102,6;113,4;111,3;110,9;12;110,1;1 005,80;376,7;285,01;82,1;98;84,6;86,9;86,2;84,8;22865;3;3,9;3,91;3,21;9,1;7;1248846
2007.02.28;115,7;110;140,6;105,6;157,5;120,8;80 100,00;89 200,00;9 200,00;64,1;49;108,1;104,6;114,8;109,2;111,2;24;110,8;1 011,30;377,5;286,45;82,4;99,5;84,9;87,8;87,8;85,6;22471;3,08;3,93;3,91;3,29;9,2;7;1235868
2007.03.31;130,9;123,4;167,9;115,6;160,2;137,7;92 000,00;102 800,00;10 900,00;76,3;48;107,2;104,4;116,8;112,4;113,4;28;110,3;1 017,10;381,6;288,33;83,2;98;85,4;88,9;89,7;86,2;30599;3,25;3,79;3,81;3,26;9,3;7;1207676
2007.04.30;118,2;116,1;139;109,5;146,4;123,8;81 900,00;91 900,00;10 000,00;76,2;57;112,2;110,7;120,8;114,6;115,1;48;114,3;1 021,80;384,7;289,79;83,4;97,3;85,2;89,2;91,2;86,6;30533;3,25;4,04;4,07;3,34;9,2;6,8;1189405
2007.05.31;120,2;120;146,3;109,1;150,1;127,6;88 200,00;98 400,00;10 300,00;81,2;50;108,1;105,6;117,7;111,1;112,6;28;112;1 039,00;390,8;289,48;83,5;94,2;84,7;89,1;90,4;86,4;33526;3,25;4,15;4,2;3,4;9,2;6,8;1193291
2007.06.30;122,7;121,6;158,2;111,6;158,4;134;85 100,00;97 100,00;12 000,00;82,4;46;110,6;107,4;120,2;107,4;110,7;21;112,8;1 041,30;393,2;289,95;83,7;95,6;84,7;89,5;91,5;86,7;30430;3,29;4,44;4,43;3,45;9,3;7;1165957
2007.07.31;88,6;89,5;96,2;91,6;89,2;92,3;77 300,00;83 100,00;5 900,00;79,6;50;110,3;104,8;116,5;108,9;111,1;22;112,5;1 044,00;394,3;289,49;84,3;94;85,2;90,1;92,7;87;23399;3,5;4,45;4,47;3,53;9,2;6,7;1159641
2007.08.31;106,7;112,9;124,4;100,1;130,4;114,5;85 700,00;88 600,00;2 900,00;82,1;51;108,1;101,5;115,2;111,9;113;22;109,9;1 047,30;396;289,41;83,7;95;84,7;89,2;90,3;86,5;26063;3,5;4,25;4,24;3,58;9,3;6,8;1172606
2007.09.30;121,2;120,8;164,1;103,1;169,6;133,7;89 900,00;95 700,00;5 800,00;78;49;105,4;100,2;113,2;109;110,3;22;106,9;1 048,40;396,4;292,3;84,2;97,6;85,3;89,9;92,4;87,1;26186;3,66;4,22;4,17;3,62;9,3;6,7;1128175
2007.10.31;123,9;125,8;159,8;105,2;178,6;133,7;96 200,00;106 100,00;9 900,00;81,7;48;107,9;101,7;115,5;106,7;108,7;22;108,1;1 050,00;397,5;293,85;84,9;100,6;84,9;89,1;92;87,1;31315;3,76;4,31;4,28;3,81;9,2;6,5;1104341
2007.11.30;127,3;122,9;166,3;111;165,7;136;98 100,00;106 400,00;8 300,00;80,8;49;105,9;102,4;115,1;110;110,2;17;107;1 051,50;397,1;295,75;85;107,8;84,7;88,9;93;87,4;29681;4;4,22;4,13;4,02;9,3;6,3;1107119
2007.12.31;123,5;114,9;162,2;97,5;155,2;129,3;80 900,00;91 000,00;10 100,00;101;44;104,6;104,2;114,3;105,9;107,4;14;107;1 052,80;399,1;296,32;85,2;108,3;84,7;88,8;92,3;87,4;31470;4;4,31;4,19;4,12;9,4;6,5;1167998
2008.01.31;117,6;114,4;138;102,9;126,9;120,3;92 700,00;101 600,00;8 900,00;71,6;41;101,6;101,5;111,2;104,8;105,5;21;103,1;1 054,20;397,8;294,12;86,7;110,2;86;90,1;94,2;88,8;19343;4;4,08;3,9;4,11;9,4;6,4;1144806
2008.02.28;117,4;114,4;145;102,1;134,5;122,8;91 200,00;105 800,00;14 600,00;70,9;35;98,4;99,3;112,1;101,6;104;22;100,8;1 059,20;398,3;295,34;86,9;109,8;85,9;90,3;94,9;89;22898;4,1;4,02;3,78;4,21;9,4;6,4;1093429
2008.03.31;130,5;122,5;164,4;111,9;142,2;137,8;91 500,00;100 000,00;8 500,00;76,6;32;99,8;100,8;112,4;100,4;104;25;103;1 065,50;400,5;298,16;86,9;110,3;85,4;89,9;95,1;88,8;24980;4,25;3,92;3,76;4,24;9,4;6,1;1074934
2008.04.30;118,6;117,7;148,9;99,9;135,8;124;101 200,00;110 600,00;9 400,00;80,5;33;98;101,1;109,8;99;103,8;31;102,1;1 080,60;406,4;299,47;87,3;113,7;85,4;90,2;95,8;89,4;30198;4,25;4,06;3,97;4,14;9,4;5,9;1052466
2008.05.31;120,1;118,9;145,3;103,3;123,7;124,6;94 000,00;102 600,00;8 600,00;86,2;27;95,4;96,9;107,2;93,9;99,7;11;96,2;1 087,90;408,6;300,65;86,1;114,2;85;90,1;96,8;89,2;29129;4,25;4,18;4,17;4,11;9,3;6;1048007
2008.06.30;121,4;118,9;164,9;105,2;128,2;132,4;95 900,00;103 100,00;7 200,00;84,1;29;89,9;90,4;106,5;95,1;99,7;0;93,8;1 096,60;409,3;302,08;87,1;120,4;85,1;90,9;98,7;90,1;26043;4,25;4,43;4,61;4,17;9,4;6;1025532
2008.07.31;89,9;88,8;102,1;92,3;78,3;93,8;85 500,00;94 500,00;9 000,00;83,2;28;84,1;88,7;110,6;90,7;95,7;-1;89,4;1 105,00;412,3;301,46;87,3;123,3;85,6;91,8;100,2;90,9;19203;4,43;4,37;4,61;4,34;9,5;6;1040631
2008.08.31;105,6;112,5;122,9;95,8;113,1;113,1;85 600,00;85 900,00;300;84,3;13;86,4;87,2;103,7;85,8;91,5;-1;87;1 107,20;412,4;301,98;87,2;123,2;85,9;91,9;98,4;91;19852;4,5;4,11;4,2;4,4;9,4;6,3;1036227
2008.09.30;119;119,6;153,6;104,7;145,3;128,4;98 000,00;106 800,00;8 800,00;80;11;88,5;88;107,5;85;89,3;5;88,4;1 106,50;412,2;305,08;87,7;125,5;86,4;92,5;98,2;91,6;24634;4,67;3,9;3,94;4,49;9,6;6,7;1085900
2008.10.31;116,7;116,5;143,6;107,5;136,3;124,3;99 500,00;108 500,00;9 000,00;83,2;13;81,7;84,7;98;82,7;87,2;-4;82,4;1 100,40;411,6;305,56;88,1;119,5;87,5;93;96,2;91,6;23866;4,4;3,57;3,32;3,63;9,8;7,4;1141646
2008.11.30;112,3;108,2;140,8;101,9;124,5;118,7;87 300,00;91 600,00;4 300,00;78,3;-11;82,5;78,4;85,5;67,2;75,9;-23;74;1 096,00;411,3;303,06;89,1;114,9;89,4;94,5;96,4;92,2;18276;3,75;3,34;2,74;3,2;10,1;8;1133323
2008.12.31;101,7;87,9;126,3;98,5;118,4;103,9;75 500,00;83 400,00;7 900,00;100,3;-18;84,8;72;87,2;69,5;75,1;-42;71,3;1 086,40;408,9;298,99;89,6;108,2;89,9;94,1;94;91,5;17922;2,53;2,67;2,11;1,82;10,7;8;1118877
2009.01.31;92,9;85,5;88,7;98,5;98;90,5;71 000,00;77 600,00;6 600,00;72,8;-24;88,8;74,6;88,2;70,2;72,4;-12;73,4;1 083,60;403,9;297,88;90,4;108,3;91,7;95,2;95,3;92,2;12371;2;2,8;2,23;1,35;10,7;8,1;1074761
2009.02.28;94,9;86;100,8;97,6;105;94,4;72 300,00;80 900,00;8 600,00;67,8;-17;88,6;75,5;86,1;77,3;75,5;1;73,1;1 089,60;403,6;297,95;90,5;107;91,9;95,2;95,2;92,1;15508;1,6;2,93;2,19;0,85;10,9;8,5;1019290
2009.03.31;102,5;93,1;114,7;108,6;109,5;105,3;83 100,00;90 900,00;7 800,00;77,2;-28;88,2;67,9;82,5;77,6;75,5;-21;69,5;1 088,10;403,4;298,8;91,6;106,4;93;97,1;97,7;93,1;19225;1;2,94;2,17;0,4;11,2;8,6;1009180
2009.04.30;93,6;89,9;97,2;108,5;102,8;97,5;73 800,00;81 800,00;8 000,00;84,3;-23;84,2;71,8;81,3;79,9;75,7;-1;69,7;1 096,00;404,6;299,26;91,3;105,3;92,5;95,5;96,5;92,3;19983;0,84;3,18;2,37;0,31;10,9;8,3;1040316
2009.05.31;93,2;92,1;100,5;98,3;95,9;96,6;70 200,00;78 200,00;8 000,00;86,4;-9;90,2;76,2;81;90,5;81,3;7;75;1 097,20;404,5;298,49;91,8;102,5;92,5;95,2;96,8;91,8;19760;0,5;3,57;2,74;0,47;10,6;7,8;1020797
2009.06.30;97,7;97;113,7;101,1;100,3;104,3;74 400,00;91 100,00;16 700,00;87,9;-1;91,7;77;84,4;97,5;85,9;5;76,9;1 097,00;405,8;299,21;90,3;106,2;91;93,7;95,4;91,1;24141;0,5;3,62;2,76;0,39;10,9;7,8;1078703
2009.07.31;73,3;66,8;70,8;95,3;59,3;75,6;67 300,00;75 300,00;8 000,00;89,3;-9;95,5;87,3;84,4;95,4;83,4;19;84;1 096,90;407;297,83;91,4;104,5;92,1;94,7;96,9;91,7;15913;0,3;3,37;2,56;0,18;10,8;7,7;1037191
2009.08.31;85,3;86,4;86,7;97,5;92,9;89,5;69 700,00;74 000,00;4 300,00;85,5;14;99,2;87,4;86,9;108,5;93,9;24;87,6;1 097,70;409,5;298,45;90,3;105,9;91,1;93;96;90,9;16723;0,25;3,45;2,76;0,16;10,2;7,2;1049890
2009.09.30;101;101,4;118,6;104,7;106,7;107,1;83 800,00;88 600,00;4 800,00;82,5;18;100,8;85,4;85,5;111;97,5;19;89;1 098,60;409,8;299,37;89,2;103,9;90,3;91,8;93,9;90,1;20793;0,25;3,38;2,68;0,15;10,2;7;1088725
2009.10.31;100,3;100,8;108,1;103,3;115,6;104;82 500,00;87 300,00;4 800,00;88,4;15;103,5;92;87,6;110,7;100,4;24;94,4;1 104,10;413,8;300,12;88,5;106,7;89,5;91;92,9;89,8;22811;0,25;3,25;2,58;0,18;10,3;7;1109927
2009.11.30;99,2;99,8;107,1;101,8;114,7;102,8;83 800,00;85 700,00;1 900,00;83,2;26;105;94,7;88,4;115;105,6;24;97;1 104,70;415,4;300,05;89;108;90,1;92,3;94,9;90,6;21185;0,25;3,27;2,52;0,18;10,3;6,9;1114853
2009.12.31;97,5;86,8;117;93,3;94,4;97,7;79 400,00;83 800,00;4 400,00;107,3;33;103,2;99,3;87,1;116,5;108,4;22;102,1;1 105,20;415,5;300,71;88,8;111,8;89,7;92;94,2;90,8;20115;0,25;3,24;2,62;0,17;10,4;7,1;1189171
2010.01.31;94,4;88,9;85,5;102,5;95,6;90,5;72 100,00;78 500,00;6 400,00;75,1;40;101,6;99,9;89,5;123,3;113,4;39;102,3;1 105,60;417,5;298,81;89,5;119,8;91;93,9;97,1;92,6;16352;0,25;3,37;2,67;0,2;10,2;7,1;1167575
2010.02.28;92,9;89,6;97;90,4;107,4;92,8;81 300,00;82 200,00;900;70,1;31;104,9;105,4;89,9;116,7;110;40;105,8;1 106,70;418,4;300,61;88,8;129;90,2;93;95,6;92,8;18902;0,25;3,28;2,62;0,22;10;7,3;1110809
2010.03.31;107,8;106,6;120,4;106,9;115,4;111,5;93 100,00;99 500,00;6 400,00;83,3;21;105,3;102,6;93,1;113,4;109,9;39;104,5;1 108,40;420,4;301,33;88,3;118,4;89,3;91,9;95,3;91,4;27331;0,25;3,2;2,51;0,23;9,7;7,2;1130051
2010.04.30;100,2;100,3;109,8;100;114,5;103,9;86 700,00;92 200,00;5 500,00;83,8;29;107;97,6;95,5;118,5;111,9;43;103,5;1 118,90;426,3;301,37;88;114;89;92;96;91,3;27771;0,25;3,14;2,43;0,29;9,7;7,2;1104047
2010.05.31;105,1;103,9;112,9;104,6;109,4;107,1;90 000,00;92 100,00;2 100,00;90,2;34;107,3;102,6;102,5;110,6;109,2;36;108,3;1 128,60;431,4;301,93;88,4;109,2;89;92,4;95,3;91,3;27275;0,25;2,73;2,07;0,28;9,7;7,7;1116525
2010.06.30;109,8;109,1;124,9;112,2;114,5;114,7;96 600,00;106 800,00;10 200,00;92,1;29;108,9;107,5;101,8;106,7;109,2;37;109,9;1 131,00;432,4;301,98;89,4;109,5;89,6;94,5;96,9;92,5;31039;0,25;2,61;2,04;0,27;9,6;7,8;1114914
2010.07.31;84,3;81,6;84,4;93,9;76,9;84,8;79700;89700;10000;91,5;40;107,8;102;101,4;107;111,2;25;108,9;1131,1;433,3;301,05;89,5;109,3;89,4;94,4;96,7;92,6;22005;0,45;2,7;2,14;0,39;9,5;7,4;1061768
2010.08.31;93,5;94,1;96,6;98,7;102,9;95,7;88800;85400;-3400;89,6;33;109,4;107,1;102,1;101;107;47;110;1131;433,6;301,07;88,8;108,2;88,8;93,5;95,5;92,1;24074;0,5;2,45;1,93;0,45;9,4;7,3;1055408
2010.09.30;110;110,5;138,6;106,6;127,8;118,6;95500;103200;7700;87,1;37;113;112,5;105,9;105,4;111;50;114,7;1132;434,7;303,61;88,7;110,6;89;93,7;95,9;92,5;27573;0,69;2,53;2,03;0,52;9,2;7,1;1082136
2010.10.31;110,6;110,1;132,5;108,7;125,8;117,5;95100;100300;5200;90,6;42;110,8;107,8;105;110,6;113,1;35;112,7;1133,6;434,7;304,58;88,2;113,7;87,8;91,8;94;91,9;27725;0,79;2,64;2,16;0,81;9,3;6,7;1072342
2010.11.30;113;108,1;130;111,7;126,5;116,2;97100;106600;9500;89;44;111,2;109,4;106,7;109,6;114,2;36;115,6;1134,4;435,1;305,59;89;117,4;88;92,6;94,9;92,6;28083;1;2,86;2,26;1,11;9,3;6,8;1079802
2010.12.31;108,8;94,7;142,7;91,8;104,7;108,8;93200;101700;8500;110,7;39;111,3;106,1;110,2;109,4;113,2;26;113,5;1136,3;435,6;307,74;89,6;132,4;88,4;94,3;97,4;94,6;30604;1,09;3,21;2,71;1,28;9,1;6,9;1151468
      2011.01.31;102,7;98,2;95,7;109,9;108,1;99,6;88600;92100;3500;76,4;40;111;111,8;108;104,9;109,4;42;115,2;1143,4;437,6;306,15;86,3;125,9;87,7;92,2;95,9;93;20453;1,25;3,28;2,99;1,49;8,9;6,7;1113540
      2011.02.28;104;97,6;109,6;105,7;115,9;104,5;88700;98400;9700;71,7;28;109,6;110,7;108,1;101,2;107,9;48;115;1149,6;439;308,02;86,4;125,3;87,7;92,5;96,2;93,1;22214;1,36;3,41;3,18;1,74;8,8;6,4;1061319
      2011.03.31;115,8;114,2;129,3;116,9;128,2;119,9;105200;112900;7700;82,3;23;106,4;108,9;107,4;99,6;105,8;45;111,4;1151,3;439,4;310,11;85,9;128,6;87;92,2;96,3;93,1;31642;1,5;3,35;3,17;1,74;8,9;6,4;1064683
      2011.04.30;105,6;107,6;111;112,6;112,2;109,4;95300;97600;2300;88,3;26;105,3;104,3;109,6;98,1;105,1;33;108,3;1164,7;443,6;311,44;86,4;126,1;86,9;92,7;97,6;93,1;31132;1,54;3,3;3,16;1,8;9;6,2;1031480
      2011.05.31;109,3;111,2;125,3;115;109,8;116,9;103600;107600;4000;91,1;35;105;109,9;107;96,9;102,2;48;109,8;1165,1;442,4;312,02;86,5;121,2;86,8;92,2;96,2;92,3;33466;1,75;3,01;2,86;1,91;9;6,2;1053165
      2011.06.30;108,6;110,2;128,2;110,6;111,7;116,9;94100;100900;6800;92,1;28;105,5;106,5;105;95,3;100,1;38;107,5;1165,6;443,1;311,28;87;119,2;87;92,5;96,8;92,3;30047;1,75;2,88;2,62;1,85;9,1;6,3;1059605
      2011.07.31;86,2;82,9;86,9;103;65,1;86,8;84800;91700;6900;90,6;24;102,2;99,3;105,8;93;97,2;29;102,2;1166,6;444,6;311,13;87,6;117,8;87,6;93,7;97,9;92,7;21585;1,96;2,75;2,47;1,8;9,1;6,4;1033519
      2011.08.31;93,4;97,2;92,3;95,7;103,5;95,1;92900;97200;4300;90,7;13;97,3;97,7;104,1;89,4;93,1;16;98,4;1169,7;445,3;311,23;87,8;117,9;87,9;94;98,2;92,9;26342;2;2,17;1,84;1,71;9,2;6,4;1057809
      2011.09.30;111;111,2;126,3;112,2;123,6;116,5;100300;109400;9100;87,3;4;93,3;98,3;103,7;82,7;89,2;18;96,3;1170,8;445,5;313,41;87,6;115,9;87,6;93,5;97,7;92,3;28509;2;1,83;1,48;1,58;9,1;6,6;1023931
      2011.10.31;112,1;110,9;122,9;117,9;122;116,6;97700;102800;5100;89,3;4;94,1;97,2;104,3;82,4;87,4;12;95,6;1170,5;446,3;313,42;87,6;117,6;87,6;92,9;97,2;92,1;26646;2;1,9;1,55;1,45;9,1;6,7;1012240
      2011.11.30;107,5;106;120,6;109,4;116,8;111,8;101000;104300;3300;88,1;0;95,1;93;103,7;84,2;87;-7;94,9;1171,3;446,6;314,16;87,7;124,5;87,6;92,9;97,6;92,8;28256;2;1,69;1,27;1,38;9,1;6,7;1036293
      2011.12.31;104;97,3;117,7;91,1;97,7;101,2;95700;97400;1700;111,2;-4;96,1;93,3;101,5;86,3;86;-9;93,7;1171,1;446,6;314,78;88;121;88,1;93,4;98,2;92,6;26357;1,92;1,68;1,16;1,36;9;6,8;1107675
      2012.01.31;103,3;98,5;96;114,1;102,7;101,1;88200;97800;9600;78,1;1;97,4;90,2;102,1;84,6;88,3;0;90,7;1174,3;448,9;311,85;87,6;125,1;88,2;93,1;97,3;93,1;19909;1,75;1,7;1,29;1,56;8,8;6,8;1134537
      2012.02.28;98,2;97,6;105,7;73,5;106;95,9;94400;98000;3600;75,9;4;97;92,2;96,3;90;91,8;15;91,7;1176;449,1;313,92;87,6;128,7;88;93,3;98,9;93,5;22020;1,68;1,89;1,44;1,59;8,8;6,7;1104498
      2012.03.31;111,7;111,6;119;101,3;111,5;111,5;103700;106200;2500;86,4;9;99,1;99,8;103,7;94,4;97,1;33;99,3;1188,3;452,9;314,8;87,3;126,8;87,9;93,1;98,5;93,1;30436;1,5;1,95;1,51;1,49;8,9;6,7;1070742
      2012.04.30;102,8;100,1;104,7;102,7;105,9;102,8;92600;95300;2700;86,4;15;100,4;98,2;103,4;93,1;94,4;26;100,4;1191,1;454,4;315,49;87,7;124,2;88;93,3;98,1;93;25391;1,5;1,82;1,45;1,44;8,9;6,7;1077521
      2012.05.31;108,7;105,2;111,7;127,2;105,4;112,8;97600;106700;9100;93,9;10;100,3;101,7;97,2;94,6;94,1;37;99;1194,6;455;315,23;87,8;119,6;87,9;93;96,3;92,5;28496;1,5;1,51;1,15;1,38;9;7;1084221
      2012.06.30;109,6;109,7;118,5;118,8;112,1;114,9;94600;103100;8500;95,6;4;100,3;97;93,6;94,5;90,5;21;96,5;1193,4;454,9;314,45;88,8;114,9;88,7;93,7;96,5;92,7;27766;1,5;1,45;1,08;1,24;8,9;7,1;1088837
      2012.07.31;85,1;81,3;76,3;104,8;72,7;83,4;84700;86100;1400;92;9;100,5;97;91,5;93,6;92,5;13;94,5;1193;455;313,23;88,1;113,5;87,8;92,3;95,1;91,6;20283;1,5;1,33;0,98;1,1;8,6;7;1071313
      2012.08.31;97,4;96,2;95,5;111,9;102;99,6;91600;94800;3200;92,9;5;101,3;92,8;94,2;95,4;93,2;8;94,7;1192,8;454,7;313,55;87,6;117,1;86,8;91;95,6;91,2;22984;1,5;1,44;1,07;1,15;8,3;6,7;1071479
      2012.09.30;106;105,5;112,6;113,1;109,3;110,1;88900;94200;5300;88,1;13;99,6;95,6;94,3;98;96;7;95,2;1192;454,2;314,81;86,6;118,3;85,8;89,8;93,5;90,6;24012;1,34;1,51;1,03;1,04;8,5;6,6;1078301
      2012.10.31;109,5;103,3;112,1;121,4;111,6;110,8;98100;104300;6200;90,9;-5;99,1;90,2;89,8;95,3;91,4;-15;91;1191,4;454,1;314,59;86,8;120;86,4;88,6;93,7;89,9;25803;1,25;1,54;1;0,98;8,6;6,6;1072771
      2012.11.30;107,3;100,1;112,9;111,8;106,8;107,2;97300;99500;2200;89,7;-3;97;85,5;90,6;93;90,9;-12;85,7;1191,4;454,1;313,82;87,4;118,4;86,6;88,8;94;89,9;26749;1,25;1,46;0,94;1,06;8,6;6,7;1066639
      2012.12.31;104,8;91,5;115,4;99,4;97,8;100,2;82700;82300;-400;110,9;-4;93,8;89,8;88,6;92,9;91,8;-19;87,4;1191,2;454;314,61;87,4;121,6;86,7;88,7;94,8;90,4;27486;1,18;1,51;0,96;1,01;8,7;6,6;1152662
      2013.01.31;95,4;88,8;77,5;117,4;99,9;91,3;88000;92600;4600;80,2;-1;98,6;86;89,7;96,5;91,7;-2;87,5;1194,8;456;312;87,1;120,7;87,3;88,6;94,4;90,3;17482;1;1,8;1,21;0,96;8,6;6,5;1246691
      2013.02.28;96,3;90,7;91,3;105,4;103,3;94,5;81900;87100;5200;75,1;7;99,6;94,2;89,4;95,8;93,3;16;92,8;1196,7;456,2;313,39;87;121,3;86,7;88;94,1;90;19143;1;2;1,4;0,98;8,5;6,4;1221314
      2013.03.31;109,7;102,6;111,5;117,9;107,7;109,2;87000;93000;6000;86,9;2;100,6;92;91,2;95,7;93,8;20;94,1;1195,9;456,2;314,65;86,4;120,7;85,6;86,3;91,1;89;24131;1;1,92;1,42;0,97;8,3;6,4;1210522
      2013.04.30;99,1;95,4;94,7;116;101,9;100;85600;93900;8300;87;-7;100,7;92,4;91;93,2;89,3;23;93;1203,7;459,1;314,03;86,1;114,6;85,2;85,1;89,9;88,1;26642;1;1,66;1,27;0,95;8,4;6,5;1212263
      2013.05.31;98,1;99,4;100,5;105,5;96,9;101,3;90500;93800;3300;96,9;-1;99,4;91;93,7;89,6;89,9;24;92,7;1204,9;459,8;314,54;86,5;110,3;85,7;85,6;90,3;88;28575;1;1,79;1,31;0,92;8,6;6,6;1211210
      2013.06.30;102,9;103,1;113,7;112,2;99,3;108,6;85700;89400;3700;95,8;7;99,8;94;91,7;95,4;96,6;20;95,2;1206,1;460;313,99;87;109,3;86,2;86,4;91,5;88,3;25289;1;2,05;1,55;0,91;8,7;6,6;1203462
      2013.07.31;82,2;79;75,6;104,6;65,7;81,6;82100;85500;3400;94,3;11;102,7;93,8;92,3;98;97,2;11;97;1207,9;460,4;313,55;87,1;111,4;86,1;87,6;92,3;89,1;20600;1;2,16;1,63;0,93;8,7;6,6;1201666
      2013.08.31;88,8;97;82,6;97,1;102,1;90,2;82500;83900;1400;94,6;17;102,1;96,5;91,2;99,9;101,2;22;97,6;1208,2;460,5;313,84;86,6;112,4;85,8;86,9;91,6;88,9;23807;1;2,34;1,81;0,93;8,7;6,5;1202820
      2013.09.30;103,8;104;116,2;109,7;107,3;108,5;88100;92600;4500;89,6;18;100,5;94,6;90,9;96,5;99;18;98,7;1208,2;460,9;315,05;86,8;114,5;86,5;87,9;93;89,5;25927;1;2,6;2,01;0,89;8,7;6,5;1200091
      2013.10.31;101,5;102,5;103,3;112,1;108,3;104,4;94700;97300;2600;93,8;19;103,5;96,5;92,8;100,6;103,2;10;99,4;1209,3;461,7;314,4;86,4;114,8;86,2;87,2;91,8;89,3;27101;1;2,44;1,82;0,92;8,7;6,4;1201371
      2013.11.30;105,7;101,3;115,1;108,4;108,1;106,8;92000;95000;3000;93,2;27;106;99,5;93,2;102,6;106,4;11;102,2;1209,3;462,1;314,2;86,5;115,4;86,7;87,8;91,9;89,6;26235;1;2,3;1,64;0,92;8,9;6,6;1217456
      2013.12.31;102,3;92;116;98,5;91,7;100,5;87800;86700;-1100;113,7;23;105,4;98,4;96,9;102,4;105,5;4;102;1209,4;461,7;315,04;87;118,6;87,4;89,1;94;90,6;27246;0,92;2,39;1,68;0,82;9;6,5;1277069
      2014.01.31;95,3;92,1;81,2;105,3;97,4;90,4;88600;92600;4000;82,7;33;104,5;99,8;96,5;105,2;107;22;103,4;1208,4;461,4;311,39;87,4;116,5;87,6;89;93,5;90,5;20334;0,75;2,37;1,67;0,73;8,8;6,5;1293209
      2014.02.28;97,1;92,5;92,4;105;101,7;94,8;83800;88800;5000;76,6;32;103,4;96,3;99,7;105,1;107,3;28;101,2;1209;461,8;312,7;86,9;116,1;87;88,2;92,4;90;22651;0,75;2,23;1,52;0,73;8,9;6,5;1247294
      2014.03.31;106,5;103,9;103,2;110;108,9;104;94100;95100;1000;88,7;26;102,6;96,4;97,5;106,2;107,2;35;100,9;1209;462,2;312,68;87,2;114,2;87,3;88,3;92,6;89,9;29520;0,75;2,16;1,45;0,73;8,9;6,4;1246569
      2014.04.30;99,5;98,6;97,2;107,6;103,9;100;92600;95200;2600;93,4;40;103,3;101,2;97,3;107,5;109,5;38;102,7;1219,8;465,7;313,89;87;111,5;87,1;88;91,9;89,5;29917;0,75;2,06;1,32;0,7;9;6,5;1224789
      2014.05.31;96,4;98,8;95,8;106,6;95,2;99,1;95500;94100;-1400;98,1;46;104,5;95,1;101,9;108,8;110,4;26;100,4;1221,4;466,8;314,05;88,2;111;88,1;89,9;94,5;90,5;29907;0,75;1,88;1,15;0,66;9;6,6;1225320
      2014.06.30;102,4;106,7;106,2;111,3;105,8;106,9;91500;96000;4500;98,6;42;104,6;99;107,5;107,9;110,2;26;102,1;1222,7;468;314,7;88,2;110;88;89,8;94,4;90,4;30843;0,75;1,8;1,03;0,58;9,1;6,7;1254645
      2014.07.31;78,2;75,7;70,9;98,3;52,8;77,5;85700;87400;1700;95,5;45;104,5;100,1;105,2;108,8;111,3;28;102;1220,5;467,5;313,67;88,5;109,1;87,9;89,8;93,9;90,4;22791;0,38;1,6;0,81;0,26;9,2;6,8;1257594
      2014.08.31;87,3;94,2;81,4;97;102;89;87800;84500;-3300;97,1;35;102,2;103,9;103,8;105,2;108,1;36;103,3;1220;468,7;313,35;89,2;110,3;88,9;91,3;95,1;91,3;25605;0,25;1,58;0,7;0,22;9,2;6,9;1261400
      2014.09.30;99,5;103,1;102,6;107,2;108,3;104;101000;102400;1400;92,1;44;105,2;101,2;105,2;107,9;110,1;27;101,9;1220,4;468,8;313,85;88,6;111;88,5;90,8;94,5;91;27781;0,25;1,51;0,6;0,19;9,2;7,1;1284466
      2014.10.31;102,4;102,3;101,8;112,3;108,7;104,3;104000;104400;400;97,8;40;101,6;101,6;104,9;107,1;110,5;14;102,2;1221,2;470,2;314,02;89;109,1;89;90,8;94;91,1;29594;0,22;1,3;0,4;0,14;9,2;7,2;1302530
      2014.11.30;101,3;101,6;97,8;107,4;110,9;101,1;95200;94900;-300;94,8;38;100,4;101,7;107,2;104,3;107,4;11;101,4;1220,7;470,3;313,56;88,8;107,3;89;90,2;92,7;90,8;27008;0;1,14;0,26;0,05;9,2;7,4;1290660
      2014.12.31;101,6;92,1;108,9;99,4;94,3;98,9;91200;91600;400;117,7;33;101,9;98,7;109,2;104,5;107;14;101,9;1219,4;470;314,05;89,5;104;89,4;89,6;90,8;90,6;28086;0;1,01;0,17;0,06;9,4;7,6;1394314
      2015.01.31;90,1;90,5;75,5;99,5;91,6;85,7;87700;89800;2100;86,1;39;101,6;98,6;108,6;106,3;109,9;22;101,7;1219,6;471,1;310,75;89,7;98,7;90,4;90,4;90,6;90,7;21299;0;0,78;0,31;0,11;9,4;8,1;1395528
      2015.02.28;93,3;93,3;85,3;95,1;97,7;90,6;90900;93500;2600;79,9;45;101,1;98,8;106,6;107,8;111,3;34;101,7;1221;471,7;312,93;90,4;104;90,8;91,8;93;91,7;24847;-0,04;0,62;0,12;-0,02;9,5;8,4;1366213
      2015.03.31;105,2;107,2;101,2;104,8;108;104,2;104000;107100;3100;93,8;44;101,9;97,7;104,4;107,9;110,1;37;101,1;1221,1;471,3;313,19;90,7;103,9;91,5;92,3;93,8;91,9;33518;-0,13;0,58;0,14;-0,11;9,2;8,5;1381080
      2015.04.30;103,4;103,8;103,6;105,7;107,3;104;96300;99500;3200;97,3;53;100,5;93;109,4;111,3;112,4;25;100;1234,9;475,5;313,16;90,5;102,5;90,9;92,1;93,9;91,7;32047;-0,25;0,34;-0,01;-0,26;9,3;8,7;1374973
      2015.05.31;101,1;102,9;102,9;102,8;98,4;102,9;94000;95900;1900;102,6;56;101,2;100,1;103,5;110,6;113;28;102,9;1236,8;476,2;314,24;91;101,3;91,1;92,8;95,2;91,9;31335;-0,25;0,75;0,24;-0,27;9,3;8,3;1363663
      2015.06.30;105,8;108,5;110,4;105,7;105,3;109,1;103300;109500;6200;105,4;52;101,1;100,5;102,4;108,8;110,3;29;102,5;1238,5;475,6;313,33;90,9;96,8;90,9;91,5;93,7;90,8;34414;-0,25;0,99;0,4;-0,32;9,3;8,3;1383034
      2015.07.31;80,3;78,5;68,8;97,1;56,7;77,8;88500;88700;200;104,8;50;100,9;101,5;105,4;107;109,5;26;103,3;1239,6;476,2;313,43;90,4;91,8;90,4;90;91,6;89,8;26242;-0,33;0,81;0,16;-0,48;9,4;8,5;1381460
      2015.08.31;92,1;99,2;85,8;90,2;104,7;91,8;92200;88900;-3300;100;53;102,8;102,9;107,1;111,7;113;30;105;1238,4;476,1;312,81;91;89,9;91,1;90,7;91,4;90;27821;-0,35;0,66;0,05;-0,46;9,5;8,5;1365630
      2015.09.30;106,9;106,8;118,9;102,3;109,9;111,1;103300;105400;2100;98,6;54;100,1;107,2;107,7;112,2;112,5;19;106,6;1238,4;475,7;314,06;90,8;90,4;91;90,3;91,2;89,8;31061;-0,35;0,71;0,05;-0,48;9,4;8,4;1354613
      2015.10.31;109,3;108,4;116,1;99,3;114,4;110,2;106800;103700;-3100;104,5;50;99,3;105,9;110,4;111,7;112,7;17;105,7;1240,4;476,3;314,29;90,5;92,8;90,6;89,1;90,3;89,5;32675;-0,35;0,66;0,04;-0,44;9,3;8,3;1344086
      2015.11.30;109,4;106;119,8;101,9;108;110,9;105500;100300;-5200;102,7;50;97;102,5;111;113,8;114,7;5;104,2;1241,3;476,7;313,75;90,5;92,8;91;89,1;89,7;89,4;32380;-0,35;0,8;0,12;-0,36;9,3;8,7;1322969
      2015.12.31;102,9;95,2;112,1;95,2;98,7;101,3;94300;98300;4000;124,3;56;100;105,2;110,4;113,7;115,7;14;105,6;1240,8;476,5;314,21;90,4;90,6;90,8;87,8;88,6;88,8;34293;-0,35;0,93;0,22;-0,38;9,2;8,5;1403421
      2016.01.31;96,5;93,5;91,7;94,1;102;92,2;86400;87100;700;89,5;56;99,2;111,1;109,3;113,9;115,6;21;108;1242,6;477,4;313,13;89,4;89,5;90,5;86,1;86,5;87,9;22383;-0,35;1,02;0,08;-0,46;9,3;8,5;1399271
      2016.02.28;99,2;99,4;101,1;83,6;108,6;96,7;94900;94600;-300;87,2;47;99,6;107,3;107,9;106,5;110,7;40;105,2;1242,9;477,4;314,14;90,1;85,5;91,2;86,4;86,6;87,9;28006;-0,41;0,77;-0,12;-0,5;9,4;8,5;1346798
      2016.03.31;111,2;111,3;114,8;103;123,2;110,9;102100;103700;1600;98,6;47;101,3;106,3;109;105,4;110,3;42;105,1;1240,7;477,3;315,7;90,7;88,8;91,2;87,2;88,1;88,6;36057;-0,5;0,82;-0,09;-0,59;9,3;8,4;1321262
      2016.04.30;105,7;105,5;103,6;114,7;111,1;106,5;97300;99500;2200;99,8;43;100;100,6;108,2;107,8;111,6;27;102,8;1254,1;479,8;315,64;89,9;86,4;90,5;86,3;86,9;87,7;35245;-0,5;0,81;-0,1;-0,6;9,2;8,1;1305306
      2016.05.31;101;105,5;104;96,6;104,2;102,7;100200;96200;-4000;108;42;99,9;101,2;111,1;106,5;109,4;15;102,5;1256,9;481,1;316,21;89,9;87,5;90,2;86,5;87,2;87,8;36610;-0,5;0,77;-0,17;-0,6;9,3;8,2;1316856
      2016.06.30;104,9;114;115,5;91,7;113,2;109,7;103600;103300;-300;108,8;43;101,7;101,5;112,6;104,7;107;22;103;1259,9;483,2;316,54;90,6;92,7;91,2;88,4;88,8;89,1;38237;-0,5;0,52;-0,35;-0,63;9,3;8,3;1362787
      2016.07.31;82,6;84,8;79;95,7;70,4;82,8;85800;86000;200;104,1;45;99,9;99,6;109,8;104,7;109,1;13;102,4;1260,5;483,7;316,73;90,8;89,3;91,4;88,1;88,2;88,9;25650;-0,5;0,17;-0,48;-0,67;9,5;8,6;1310896
      2016.08.31;86,7;94,9;78,1;89,4;98,4;87,2;98900;88400;-10500;105,4;33;99,2;97,2;109;103,8;107,6;21;101,1;1259,8;484;316,38;91,2;90,3;91,8;89,4;89,9;89,8;28811;-0,5;0,1;-0,53;-0,74;9,5;8,5;1365614
      2016.09.30;109,6;112,7;116,1;110,2;118,7;113,4;105400;108100;2700;99,9;25;102,8;100;110,2;101,6;104,9;19;103,5;1260,9;484,6;316,91;90,8;91,2;91,6;89,3;89,4;89,7;33570;-0,5;0,22;-0,29;-0,75;9,6;8,5;1292168
      2016.10.31;108,5;110,7;117,3;97,9;120,2;110,9;107200;103700;-3500;104,8;25;104,1;102,8;110,7;103,7;105,6;25;104,8;1262,7;485,8;318;91,8;101,8;92,2;91,2;91,4;91,5;33198;-0,5;0,24;-0,32;-0,75;9,7;8,8;1352180
      2016.11.30;109,3;110,3;114,7;103;117,2;110,6;115100;113000;-2100;107,9;23;103,6;106,2;113;102;103,2;22;106,8;1265,1;487,3;318,1;92,6;103,3;93;92,6;92,4;92,7;32396;-0,5;0,43;-0,2;-0,79;9,9;9,1;1335811
      2016.12.31;103,9;98,7;116,9;84,2;100,5;102,1;110500;109100;-1400;125,6;24;103;112,3;109;99,4;102,1;31;110,2;1264;487,9;319,68;93,3;109,5;93,8;94,9;95,4;94,5;37851;-0,5;0,61;-0,09;-0,79;9,7;9,2;1347253
      2017.01.31;99,3;100,1;91,1;93,2;98,5;94,8;102300;103100;800;92,1;24;103,6;111,2;110,4;98,6;102,6;34;108,8;1269,7;490,5;317,5;93,7;110,2;93,7;95,2;96,3;95,1;24039;-0,5;0,65;-0,02;-0,77;9,5;9;1326088
      2017.02.28;102,5;100,7;105,8;93,2;104,7;101,1;101900;100500;-1400;86,6;21;103,8;109,7;115,8;102,6;104,2;42;109;1276,8;491,7;319,73;93,2;109,6;92,7;93,8;94,6;94,4;28484;-0,5;0,66;0;-0,69;9,5;8,9;1329180
      2017.03.31;116,2;118,1;123,9;100,2;124;115,9;119600;119100;-500;99,9;21;104;107,1;114,1;101,8;104,9;37;108;1276,2;491,8;319,68;93,5;105,9;92,8;93,8;93,9;94,3;39476;-0,5;0,69;0,02;-0,63;9,5;8,9;1332410
      2017.04.30;107,1;109,1;112,7;97,8;101,5;107;102800;98900;-3900;101,3;31;104,1;114,4;113,8;101,6;104;43;110,8;1284,1;496,9;321,54;93,6;102,8;92,6;94;94,3;94,1;31841;-0,5;0,57;-0,08;-0,63;9,6;8,9;1307468
      2017.05.31;107,4;113,1;112;100,4;100,1;109,2;114100;115200;1100;110,7;29;107,6;113,2;117,9;100,8;103,7;39;111,8;1291;497,8;321,74;94,2;98,6;93,4;94,5;94,5;94,1;37151;-0,5;0,56;-0,08;-0,62;9,7;8,8;1306874
      2017.06.30;112,5;116,1;125,9;105,6;105,2;117,1;109900;115400;5500;112,2;37;105;115,2;115,1;106,2;108,1;36;111,7;1292;498,1;321,97;93,9;94;93,4;93,5;93,9;93,4;39881;-0,5;0,46;-0,16;-0,67;9,8;8,7;1310263
      2017.07.31;85,8;86,2;83,8;92,3;64,7;85;95600;93600;-2000;106,7;38;104,3;113,5;111,3;106;109,7;25;110,8;1290,4;497,1;323,69;94;96,9;93,7;93,8;94,6;93,9;26164;-0,5;0,66;-0,03;-0,75;9,6;8,3;1329531
      2017.08.31;91,9;100,5;89,8;82,2;92,5;92,7;106100;99000;-7100;107,3;31;103,8;110,8;117,7;103,6;105,4;30;109,7;1292,2;497,6;323,18;93;97,5;92,5;92,2;93,3;93,1;31373;-0,5;0,63;-0,02;-0,73;9,5;8,1;1241906
      2017.09.30;111,3;117,4;127,8;91,8;105,3;115,7;110300;112700;2400;102,7;29;103,7;118,9;114,8;100,1;104,8;47;112,2;1294,1;498,8;323,62;92,7;101,7;92,3;92,5;93,6;93,5;32543;-0,5;0,64;-0,03;-0,71;9,5;8;1240186
      2017.10.31;114,9;116,5;130,6;98;108,8;117,4;118000;116500;-1500;107,5;30;105,6;115,7;116,5;103,4;105,9;29;111,5;1296,9;500,7;323,38;92,8;102,4;92,4;92,6;93,7;93,8;33226;-0,5;0,88;-0,04;-0,68;9,6;8,2;1295685
      2017.11.30;116,8;114,8;129,8;102,9;104,6;117,4;121800;121700;-100;111,6;30;106,7;115,9;114,7;102,6;104,4;33;111,8;1298,3;502;324,04;93,1;108,6;92,8;94,4;95,6;95,2;33193;-0,5;0,76;-0,2;-0,71;9,8;8,4;1274296
      2017.12.31;112;102,4;129,8;90,3;101;109,8;113100;109100;-4000;128,2;37;106,2;110,2;114,4;102,2;102,7;19;110;1299,1;503,3;325,23;93,7;112,4;94,1;96,3;97,9;96,7;35357;-0,5;0,72;-0,05;-0,75;9,9;8,4;1327927
      2018.01.31;105,4;100,7;106,8;101,2;93,2;102,7;118800;115200;-3600;94,3;39;106,1;108,9;111,2;104,2;105,1;27;108,5;1306,1;506,2;322,51;93,7;115,1;94,3;97;98,7;97,5;23815;-0,5;0,85;0,24;-0,69;9,8;8,1;1250094
      2018.02.28;107,3;102,8;117,3;91,1;99,7;105,8;111100;108400;-2700;87,1;34;104,8;109,3;108,2;106,3;109,1;32;108,7;1310,7;508,2;324,87;93,4;115,3;93,8;96;97;97,1;27815;-0,5;0,91;0,3;-0,66;9,9;8;1241586
      2018.03.31;122,4;116;140;102,4;113,4;122,6;121100;122400;1300;103,9;21;103,5;112,3;112,1;105,3;107,5;38;109,1;1309,7;508,7;325,76;94;118,2;94,5;97,6;98,7;98,2;37957;-0,5;0,77;0,17;-0,66;10,2;8,2;1223914
      2018.04.30;107,8;108,3;118,5;95;97,4;109,2;124000;116800;-7200;105,2;17;103,6;115,1;114,1;101,8;102,2;41;110,6;1320,5;512,5;327,1;93,9;116,2;95,3;99,3;100,5;98,7;35601;-0,5;0,71;0,1;-0,7;10,4;8,4;1228655
      2018.05.31;111,8;113,9;120,7;103,3;102;114;131200;124400;-6800;115,6;34;103,1;115,2;107,1;103,7;105,1;25;110,1;1330,4;517;327,86;95,1;117,3;96,5;101,9;103,6;100,1;39446;-0,5;0,66;0,05;-0,7;10,4;8,8;1231174
      2018.06.30;116,5;116,3;133,2;108,2;107,6;121,4;125900;126100;200;112,9;36;102;113,9;106;105,6;105,2;31;110,2;1333,1;518,6;328,62;95,5;120;96,6;102,5;104,5;100,9;67553;-0,5;0,55;-0,05;-0,69;10,3;8,8;1231095
      2018.07.31;84,9;85,2;86,1;91,9;65,6;85,6;109900;108500;-1400;107,9;36;102,3;114,5;106,4;97,9;101,4;31;109,8;1337,1;520,9;330,33;95,6;126,2;96,8;103,2;105,3;101,8;13798;-0,5;0,51;-0,06;-0,67;10,3;8,8;1195589
      2018.08.31;93,2;100,8;95;84,6;91,6;94,9;121400;112800;-8600;111,2;25;104,3;116,8;106,4;102,4;104;40;110,4;1340,7;523;329,63;95,3;128,2;96,8;103,2;104,8;101,8;25765;-0,5;0,52;-0,05;-0,68;10,5;9,1;1203309
      2018.09.30;111,9;114,8;130,5;92,3;105,8;116,3;121500;123300;1800;104,2;33;105;112,8;106,5;104,3;105,8;35;109,7;1341,4;524;331,14;96,2;129,8;97,7;105;107,8;103;19886;-0,5;0,6;0,06;-0,73;10,4;9;1206450
      2018.10.31;118,8;116,2;135,6;109;111;122,1;144900;135900;-9000;110,3;28;101,5;111,5;102,8;101,5;103,3;32;106,5;1344,2;525;330,72;96;131,3;97,1;104,1;107;102,7;24128;-0,5;0,67;0,13;-0,7;10,4;9;1200033
      2018.11.30;117,9;112,1;133,7;108,7;108,3;119,7;135100;137600;2500;115,6;30;100,9;111,6;99,4;102,1;103,7;21;105,2;1345,1;526,1;330,4;96,3;129,8;97,5;103,4;104,5;102,8;26357;-0,5;0,6;0,07;-0,73;10,3;9,1;1210002
      2018.12.31;113,7;104,8;129,4;95,1;100,1;112;117400;110200;-7200;127,7;30;98,7;113,2;100,1;101,4;102,6;29;105,6;1344,8;524,8;331,87;96,4;125,7;97,3;102;102,1;102,1;23414;-0,5;0,47;-0,02;-0,65;10,3;9;1262091
      2019.01.31;109,3;100,6;111,8;113;94,1;107;124800;125700;900;96,6;32;97,5;106,9;102;100,3;101,7;28;101,4;1354,9;528,2;328,56;97,2;129,3;98;102,8;102,4;102,9;21117;-0,31;0,43;-0,05;-0,44;10,3;9;1204940
      2019.02.28;110,7;102,8;119,8;109,3;102,2;110,5;117600;122000;4400;90,4;22;97,7;109,1;101,7;99,1;99,6;38;102,4;1358,1;529,3;331,02;97,4;129,4;98,3;103,4;103,3;103,1;23789;-0,25;0,36;-0,11;-0,4;10,5;9,2;1224418
      2019.03.31;123;113,1;132,9;129,2;109,5;123,5;128300;133100;4800;105;26;99,9;104,8;101,4;98,8;101,3;26;102,7;1361;530,8;331,79;98,4;129,1;99,6;105,8;105,7;104,4;31079;-0,25;0,29;-0,15;-0,4;10,5;9,3;1144914
      2019.04.30;113,4;108,9;123,7;116,4;105,1;115,2;128800;128400;-400;113,3;31;100,7;107,2;102,5;105;103,3;28;104,7;1376,3;534,6;334,11;98;126,4;99,1;105;105,7;103,6;31451;-0,25;0,38;-0,23;-0,4;10,5;9,3;1140993
      2019.05.31;113,8;111;126;113,1;103,8;116,7;131000;136500;5500;117,5;36;98,3;102,1;102,9;106,8;105,5;14;101,8;1384,7;538,5;334,95;98,5;124,7;99,6;105,4;106,1;103,6;33250;-0,25;0,22;-0,39;-0,4;10,7;9,6;1077833
      2019.06.30;118,1;112,1;133,7;117,3;102,6;121,5;120900;122500;1600;116,3;32;98,5;100,9;100,8;102,2;103,3;10;100,4;1385,4;538,5;334,47;99,5;114,3;100,8;105,9;106,9;103,4;33119;-0,25;0,05;-0,51;-0,4;10,6;9,4;1110506
      2019.07.31;89,6;82,9;83,8;115,6;65,1;88,7;116500;123000;6500;115,2;29;101,5;96,6;101,8;101,2;100,8;8;98,2;1385;537,7;335,8;99,4;121,2;100,5;105,6;105,9;103,8;24951;-0,25;0,02;-0,5;-0,4;10,6;9,4;1073905
      2019.08.31;96,3;100,2;97,3;98,8;97,8;98,1;119200;113600;-5600;114,2;27;98,1;93,5;99,8;101,7;100,2;4;95,2;1385,3;537,7;334,39;99,1;120,7;100,1;104,7;104,6;103,3;30493;-0,25;-0,29;-0,67;-0,43;10,7;9,6;1072931
      2019.09.30;115,8;110,7;133,8;117,3;111,9;120,2;127100;128200;1100;109;27;95,8;94,8;100,9;102,1;99;-5;93,8;1385,5;537,5;335,95;99,5;118,6;100,4;104,9;106,2;103,2;27728;-0,25;-0,23;-0,59;-0,41;10,7;9,7;1071136
      2019.10.31;118,4;110,8;131,8;121,3;112,6;120,3;140900;137000;-3900;114;24;97,8;94,5;101,1;102;99,8;1;93,4;1384,4;535,9;336,04;99,3;121,3;100,7;105,4;106,1;103,6;30493;-0,25;-0,16;-0,51;-0,43;10,8;9,8;1034777
      2019.11.30;120,6;105,9;128,8;144,4;112,1;122,1;128900;131500;2600;117,3;28;97,7;94,1;102,6;104,7;103,2;-7;94,5;1384,5;536,3;336,36;99,5;125,8;100,9;105,4;106,4;104;31126;-0,25;0;-0,33;-0,47;10,7;9,6;1050628
      2019.12.31;113,3;97,4;126,2;115,1;97,2;111,1;119800;116900;-2900;133,1;38;97,8;94,2;102,6;108,7;104;2;94,2;1383,7;535,1;337,68;99,9;124,2;100,9;104,1;107,4;103,4;48365;-0,25;0,07;-0,22;-0,46;10,5;9,4;1112796
      2020.01.31;109,1;101,1;106,3;119,4;94,9;105,5;120300;131300;11100;100,8;30;97,9;98,7;102,3;108;104,1;19;97;1395,2;537,6;332,82;99,8;120,4;100,4;102,5;104,7;102,4;17790;-0,04;0,11;-0,18;-0,17;10,6;9,5;1091794
      2020.02.28;110,5;100,5;113,5;123,2;97,5;109,6;114800;127700;12900;98,2;39;101;101,3;101,1;110,4;106,9;33;99,3;1392,4;536,8;334,47;100;113,9;100,9;102;103,8;101,8;22489;0;-0,05;-0,28;-0,15;10,6;9,7;1055288
      2020.03.31;123,3;112,2;128,3;143,5;100,1;123,1;125600;131100;5500;106;37;95,8;98,6;99,5;104,8;104;12;93,7;1392,8;537,4;333,91;100,5;100,3;101,2;100,6;100,2;100,5;28535;0;-0,17;-0,38;-0,15;10,9;9,8;1118482
      2020.04.30;94,5;100,7;70,5;132,5;81,3;92,2;101000;106300;5300;110,2;-4;85;72,2;92,7;75,5;74,8;-51;61,9;1351,7;522,1;332,9;102,1;87,1;102,9;102,6;100,9;100,5;19831;0;-0,07;-0,27;-0,17;10,9;10;1148154
      2020.05.31;94,2;99,2;85,4;112,2;81,4;94;101500;102300;800;117,7;-9;86,3;76,4;88,6;77,6;77,2;-40;65,1;1352,1;521;334,91;101,3;87,5;102,1;101,2;100,1;99,6;16899;0;-0,06;-0,28;-0,14;10,6;9,7;1129350
      2020.06.30;104,9;104,3;107,9;131,2;96;109,4;115100;119600;4500;122,6;-13;90,6;89,6;87;84,6;82,5;-5;76,2;1344,3;517,1;336,84;100,6;95,8;100,2;99,7;99,6;99,5;26058;0;0,01;-0,24;-0,08;10,5;9,3;1157728
      2020.07.31;81,9;76,6;73,5;116,4;53;79,8;100600;103800;3200;120,1;0;92,1;95,6;91,7;94,3;94,3;14;84,5;1383,7;533,7;337,57;100,2;91,9;99,7;99;99,5;98,7;23804;0;-0,07;-0,3;-0,08;10,4;9;1185724
      2020.08.31;94,6;97,1;89,2;122,7;94,5;96,3;105800;103800;-2000;114,5;11;92,2;96,7;92,7;98,2;98,6;18;87,4;1393,2;537,3;337,07;99,3;99,9;98,3;97,5;98,2;98,6;26545;0;-0,04;-0,27;-0,12;10,3;8,7;1180767
      2020.09.30;113,3;110,8;128,2;116,8;105,9;117,6;121900;124700;2800;114,2;16;94,9;103,4;87;103,7;102,7;26;94,3;1390,6;536,1;337,27;98,5;99,7;98,3;98;97,1;98,9;29791;0;-0,08;-0,32;-0,13;10,4;8,8;1210292
      2020.10.31;117,2;111,4;128,1;129,1;110,5;120,3;124600;128600;4000;118,9;29;96,8;103,2;90,8;106,5;106,1;21;95,5;1393,9;538,5;336,97;99,5;96,6;99,1;99;98,3;99,3;29037;0;-0,03;-0,34;-0,13;10,4;8,8;1237548
      2020.11.30;118,6;110,2;130,6;126,1;108;120,6;126800;128200;1400;122,3;19;95,5;106,6;94,1;98,1;97,8;16;97,2;1402,3;541,2;337;99,1;99,7;98,7;98,5;98,4;99,5;27443;0;0;-0,34;-0,12;10,2;8,6;1136528
      2020.12.31;114,4;101,6;130,1;113,3;92,4;113,4;118500;119700;1200;133,7;7;97,2;105,7;93,6;99,1;100;24;96,8;1410,2;545,8;339,34;99,1;107,3;98,4;99,3;99,1;100,6;34974;0;0,01;-0,33;-0,18;10,2;8,4;1280392
      2021.01.31;108,6;101,5;107,2;123,5;95,5;106,4;110100;114100;4000;102,7;1;99,3;112,4;94;97,8;98,2;41;102,3;1422,8;554,8;338,09;97,6;116,6;98,2;99,2;99;101,6;21476;0;0,07;-0,19;-0,15;10,1;8,3;1270094
      2021.02.28;111,9;105,7;116;120,2;100,4;111,6;118800;123300;4500;99,4;1;101,1;111,8;96,4;99,9;101;47;104,5;1428,4;558,9;339,01;98,4;121,5;98,6;101,2;101,3;103,2;23586;0;0,25;-0,08;-0,13;10,1;8,3;1221669
      2021.03.31;128,8;120,4;140,2;140,2;110,5;130,6;141700;144100;2400;119;1;101,9;114;97,5;97;99,1;37;105,6;1430,9;561,7;339,54;98,7;118,4;98,7;102,7;102,3;104,3;48723;0;0,4;0,02;-0,16;10,2;8,5;1239196
      2021.04.30;116;110,4;119,9;131,4;100,7;117,1;130300;131700;1400;120,6;19;104,8;117,6;100,9;111,9;111,6;35;112,5;1444,2;573,2;340,37;99,5;113,7;100,1;106;104,5;106,1;23133;0;0,37;-0,01;-0,15;10,2;8,5;1225905
      2021.05.31;113,7;110,4;116,6;136,1;104;116,8;130300;133500;3200;130,4;35;109,2;121,8;107;107,1;111,2;41;116,9;1448,8;577,1;341,04;99,7;116,6;99,9;107,2;105,4;107,5;25713;0;0,42;0,03;-0,15;10,1;8,4;1199631
      2021.06.30;120,6;111,8;135,1;152,8;106;127,7;135500;144400;8900;133,3;28;107;120,8;108,8;112;113,2;32;117,2;1458,4;587,8;341,32;99,7;120,3;99,8;109,4;106,4;109,1;37638;0;0,36;-0,01;-0,16;10,1;8,4;1226638
      2021.07.31;90,4;86;87,2;120,1;65;90,5;120000;126700;6700;125,3;45;107,8;124,8;106,8;116,3;118,7;28;120,2;1476,9;604,2;342,23;100,3;126,7;100,8;112,5;108,4;112;18110;0;0,18;-0,12;-0,16;10,2;8,6;1214090
      2021.08.31;96;96;89,4;122,8;88,6;96,5;126400;115600;-10800;123,4;26;107,8;124,8;105,9;109,2;111,3;45;119,2;1490,5;618,2;343,99;100,8;131,7;101,6;115;109,9;114,2;20925;0;0,11;-0,16;-0,16;10,2;8,7;1172541
      2021.09.30;116,1;113;118,6;143,2;113,9;120,1;141300;146800;5500;119,9;30;108;122,8;109,3;115,9;117,4;29;118,8;1498,4;622,5;345,74;101,3;143,9;102,1;115,7;112,6;115,9;23745;0;0,27;-0,04;-0,17;10,2;8,6;1139452
      2021.10.31;122,1;111;128,1;152,7;114,1;125,3;146000;145500;-500;123,8;31;106,4;126,5;111,3;117,6;118,7;36;121,2;1508,1;625,2;346,44;101,6;140,2;102,4;115,9;115,5;116;20916;0;0,38;0,06;-0,21;10,1;8,7;1146498
      2021.11.30;123,4;110;128,9;158,4;124,6;125;153900;153400;-500;133,3;37;103,1;124,5;109,1;118,6;120,5;31;119,4;1508,2;625;348,03;102;150,4;102,8;116,3;115,3;117,5;22093;0;0,27;0,05;-0,35;10;8,8;1136431
      2021.12.31;118,1;100,2;129,7;134,2;97,4;116,4;152100;147400;-4700;142;32;101,9;127;107,7;115,3;116,7;31;119,4;1508,9;625,7;352,47;103,1;179,5;103,6;118,1;117,1;120,8;28255;0;0,14;-0,02;-0,38;10,3;9,1;1204265
      2022.01.31;111,2;97,8;105;143,9;94,3;107,6;142600;141400;-1200;106,4;21;96,5;122,6;111,2;105,3;109,3;36;113,4;1531,6;629,1;350,56;104,7;166,5;105,9;120,5;122,6;121,6;20527;0;0,36;0,19;-0,16;10,3;9,1;1203108
      2022.02.28;112,9;101,7;113,9;137,7;103,5;112,2;150200;151100;900;105,3;22;95,1;123,9;109,9;120,3;119;52;115,1;1545,5;635,8;353,56;105,4;165,6;107,2;122,5;125,9;123,1;21917;0;0,61;0,48;-0,14;10,5;9,3;1140196
      2022.03.31;130,8;120,5;132,6;172,4;115,8;132,6;180200;184100;3900;125,9;18;85,4;123,7;109,5;111,6;113,4;48;112,8;1568;651,3;359,8;107,5;198,4;108,5;130,5;135,6;129,9;29893;0;0,82;0,74;-0,22;10,6;9,6;1109205
      2022.04.30;115,8;104,9;113,1;167,3;104,4;117,8;160600;155900;-4700;129,5;21;84,6;121,3;109,5;110,6;112,2;28;111,2;1620,7;684,3;362,02;109,7;187,4;109,2;132,6;136,7;131,4;23050;0;1,47;1,35;-0,1;10,3;9,5;1132465
      2022.05.31;114,8;105,5;117,4;155,8;100,1;118,9;177500;172100;-5400;138,7;23;80;124;104,8;108,7;109,4;32;110,6;1650,2;694,7;365,82;111,6;201,4;109,4;135;137,1;133,7;27736;0,23;1,77;1,67;0,31;10,5;9,9;1033715
      2022.06.30;123,6;110;131,6;186,5;107,6;130,9;179900;181600;1700;137,1;24;76,5;119;107;101,1;104,3;24;105,6;1668,4;700,2;370,95;112,9;218,8;111,2;138,7;142,2;137;27374;0,25;1,86;1,94;0,51;10,6;10;1089549
      2022.07.31;99,1;81,6;94,8;171;62,5;98,3;156600;152700;-3900;129,6;14;70,2;119,5;106,7;91,9;95,8;33;103;1692,4;704,6;371,28;114,7;197,2;112,9;136,2;143,1;134,9;18789;0,68;1,53;1,67;0,78;10,6;10,4;1074707
      2022.08.31;98,9;91,4;85,8;152,7;89,2;98,3;167400;149600;-17800;130,2;6;70,1;115,3;105,1;91,6;94,5;30;99;1696;702;377,81;115,3;233,3;113;139,3;144,7;139,3;21493;0,75;1,61;1,81;1,13;10,5;10,4;1071133
      2022.09.30;122,6;106,3;134,8;181,7;105,9;129,2;180200;180100;-100;126,8;-2;64,9;109,7;104,2;85,4;88,4;17;93,6;1716,5;704,9;383,21;117,4;232,7;114,5;140,1;146,9;139,8;23047;1,11;2,08;2,34;1,51;10,8;10,9;1073370
      2022.10.31;125,7;102,7;137,3;193;108,7;132,3;187300;176600;-10700;127,8;-12;62,8;105;100,3;78,1;82;11;88,5;1738,7;708,6;384,04;118,6;204,9;116,6;139,4;144,5;137,7;23220;1,75;2,2;2,38;1,6;10,9;11,1;1043567
      2022.11.30;120,5;100,8;125,8;185,8;105,9;125;188400;183100;-5300;140,5;-8;66,4;105,1;102,2;79,5;80,2;3;88,9;1737,7;702,6;387,93;118,7;226,4;117,1;141,3;144,1;140,4;26295;1,78;2,01;2,18;1,68;10,9;10,7;1052608
      2022.12.31;117,8;93,3;132,1;166,4;96,1;118,8;173300;171000;-2300;147,6;-9;64,2;106;99,7;78,4;80,9;6;89,1;1744,8;701,6;395,96;118,4;260,4;116,9;141,3;142,6;143,4;35879;2,5;1,97;2,14;2,02;11;10,4;1092665
      2023.01.31;117,4;96,7;118,8;150,5;91,5;113,1;163600;172300;8700;114,6;-12;64,8;101,4;94,8;80;82;16;86,2;1783,8;710,8;391,5;121,1;186;118,4;138,1;141,7;135,9;15282;2,5;2,08;2,2;2,66;11,2;10,4;1115309
      2023.02.28;119,6;94,8;131,9;164;95,9;120,2;163200;170400;7200;109,5;-12;67,1;102,5;94,2;79,5;79,9;25;88,2;1801,9;718,1;395,82;121,6;175,3;119,4;136,9;141,2;134,6;19040;2,76;2,37;2,45;3,04;11,2;10,4;1026899
      2023.03.31;130;105,5;150,6;175,4;105,5;134;186400;196400;10000;127;-14;68,8;103,1;94,2;82,2;82,5;25;89,6;1803,5;719,2;398,08;122,1;171,2;119,6;136,9;140;134,4;30960;3;2,35;2,49;3,25;11,2;10,5;1058796
      2023.04.30;119,7;98,9;136,9;171;95,9;125,9;165100;162400;-2700;129,7;-14;69,9;101,1;95,9;80,3;78,3;15;88,1;1809,5;724,8;399,93;122,1;160,5;119,7;136,4;140,4;133,1;21413;3;2,37;2,52;3,41;11,3;10,3;1020035
      2023.05.31;116,1;96,9;136,6;180,7;93,6;125,7;179000;179300;300;143,1;-8;73,2;102,8;97,5;85,9;82,1;22;90;1831,9;732,9;401,19;122,7;143;120,8;135,4;138,5;130,9;29384;3,48;2,32;2,44;3,5;11,4;10,4;981120
      2023.06.30;114,5;96,1;139,3;191,6;89,4;127,3;175600;178600;3000;142,2;-5;74,3;101,3;93,4;86,8;82,9;8;90,1;1830,1;732,2;405,49;123,4;153,5;121,7;137,6;139,9;132,8;29132;3,5;2,46;2,64;3,54;11,7;10,8;1020434
      2023.07.31;91;75,9;93,8;161,1;55,5;91,9;141500;148200;6700;135;2;74,1;96,9;93,6;88,3;84,3;-1;87,5;1838,3;732,9;405,67;124,6;140,4;123,8;138,5;142,4;132;18073;3,73;2,52;2,76;3,71;11,6;10,5;1009068
      2023.08.31;100,5;90,4;97,4;159,9;84,8;103,4;166100;158700;-7400;135,8;1;72;96,9;95,9;87,7;84,9;9;85,5;1850,5;738,1;405,97;123,4;145,9;122,2;136,6;140;131,1;24578;3,75;2,75;2,9;3,79;11,8;10,8;974241
      2023.09.30;117,6;97,4;143,8;190,6;94,1;128,5;184100;185700;1600;126,5;-10;70,7;100,5;92,3;84,3;81,2;10;86,2;1846,8;739,5;408,05;124,6;146,7;124,9;141,2;145,8;133,4;28893;3,79;2,89;3,04;3,83;11,8;11,1;974957
      2023.10.31;125,7;98;144,9;203,8;101,2;131,3;187500;195000;7500;132,8;-1;71,6;99,4;93,1;91,1;88;11;85,1;1853,9;740,9;409,07;124,7;143,1;125,3;139,4;145,8;132,6;25730;4;3,02;3,06;3,96;11,6;11;987792
      2023.11.30;124,6;95,1;145,9;169,8;97,5;125,9;180800;192900;12100;143,1;-11;73,8;99,5;89,8;88,5;87,7;5;85,4;1861,2;743,5;410,35;123,6;167,6;124;137,8;142,7;134,5;25928;4;2,76;2,79;4,1;11,6;10,7;979082
      2023.12.31;;;;;;;156400;160200;3800;148,6;-5;74,8;95,1;87,8;92,7;89,3;-5;84,7;1847,8;738;413,34;122,4;162,4;122,7;134,2;138,7;132,4;29694;4;2,31;2,35;4,03;11,2;10,3;1027560
      2024.01.31;;;;;;;;;;;-2;82,3;99,3;91,6;96;93;12;90,5;;;;;;;;;;;4;2,29;2,32;4,03;11,2;10,2;
      2024.02.28;;;;;;;;;;;;;;;;;;;;;;;;;;;;;;;;;;;
