date;ipi;ipi(INS);ipi(INV);ipi(IVKON ND);ipi(IVKON D);M.F;IM;EX;NT;RTI;TSV;conscon;manfcon;consbcon;traind;retindi;manprd;ecoten;CCIM;CCA;CPI;PPIC;PPIE;PPICA;EPI;IMPI;PPI;carpass;buses;Manu;polrate;govtbnd10;govrtbnd5;trebil;sekeu;sekusd;Govtde
Transform;2;2;5;5;5;2;5;5;5;5;1;5;5;5;5;5;5;5;5;5;5;5;5;5;5;5;5;5;5;5;2;2;2;2;5;5;5
1993.01.31;66,56;71,04;40,3;93,7;41,5;60,25;23 080,0;27 170,0;4 090,0;38,2;;0;;;;;;;661,7;223,2;241,46;72,7;51,3;81,8;68,4;58,8;63,6;8473;58;60,2484594;10,6;10,17;9,56;9,81;8,8;7,2;939224
1993.02.28;66,86;69,11;46,6;89,2;45,4;61,84;25 150,0;29 290,0;4 140,0;37,2;;0;;;;;;;663,4;224,2;242,14;72,9;51,6;82,9;69,3;59,8;64,1;9709;37;61,8391778;9,98;9,83;9,03;9,37;8,9;7,5;952534
1993.03.31;73,36;75,98;51,3;99,3;47,2;68,40;31 180,0;34 840,0;3 660,0;41,7;;0;;;;;;;666,9;225,7;243,17;73,3;52,4;83,9;70,5;61,2;64,8;13378;44;68,4008912;9,75;9,4;8,59;9,76;9,1;7,7;964926
1993.04.30;70,31;75,30;48,8;96,3;49,3;66,31;27 390,0;32 030,0;4 640,0;42,6;;0;;;;;;;665,2;225,3;244,19;73,4;52,4;84,3;71;61,4;65;11876;67;66,3130733;9,69;9,44;8,59;9,53;9,1;7,4;953580
1993.05.31;70,42;78,01;48,9;97,9;44,9;67,11;26 010,0;30 160,0;4 150,0;42;;0;;;;;;;662,0;225,6;243,62;73,4;51;84,7;70,7;60,8;64,7;10546;57;67,1084325;9,06;9,12;8,17;8,79;8,9;7,3;953435
1993.06.30;73,26;80,82;53,4;97,3;48,8;70,19;28 040,0;32 610,0;4 570,0;42,2;;0;;;;;;;660,4;225,9;242,82;73,5;50;84,6;70,3;60,4;64,5;10488;81;70,1904494;8,75;8,71;7,78;8,37;8,8;7,4;960611
1993.07.31;45,05;42,98;27,7;73,5;19,6;40,86;20 010,0;30 070,0;10 060,0;41,6;;0;;;;;;;660,2;226,3;242,35;73,8;50;84,9;70,5;61,4;64,7;7205;47;40,8615789;8,52;8,27;7,39;8,26;9;8;1003711
1993.08.31;64,43;71,34;43,0;85,8;42,7;60,25;27 700,0;27 100,0;-600,0;42,7;;0;;;;;;;657,6;226,0;242,61;74,1;50;85;71;62,1;65;7943;58;60,2484594;8,17;7,66;6,75;7,64;9,1;8,1;998871
1993.09.30;73,26;77,34;54,6;96,8;52,4;69,79;30 780,0;36 530,0;5 750,0;42,5;;0;;;;;;;659,0;226,4;244,77;74,4;50,2;84,9;71,1;62,7;65,1;10888;53;69,7927698;8;7,82;6,95;7,58;9,4;8;1042354
1993.10.31;74,47;78,59;53,8;100,3;52,0;70,49;32 200,0;36 090,0;3 890,0;43,5;;0;;;;;;;660,7;227,9;245,5;74,6;51,5;85,5;71,3;63,2;65,4;12241;45;70,4887091;7,94;7,59;6,76;7,5;9,3;8;1051325
1993.11.30;74,88;77,14;54,9;97,3;51,0;70,09;32 150,0;36 980,0;4 830,0;42,8;;0;;;;;;;660,0;228,4;245,6;74,9;51,6;85,9;71,5;62,9;65,6;12669;47;70,0910295;7,75;7,52;6,59;7,27;9,3;8,3;1086300
1993.12.31;78,53;73,66;66,9;92,6;52,1;73,57;30 600,0;35 430,0;4 830,0;59,5;;0;;;;;;;666,1;230,9;244,66;75,1;51;86,1;71,8;63,2;65,8;12322;65;73,570726;7,75;7,3;6,42;6,94;9,4;8,4;1132267
1994.01.31;71,02;74,63;48,2;90,2;50,3;64,72;27 370,0;34 670,0;7 300,0;38,1;;0;;;;;;;658,9;230,2;245,42;75,5;52,7;87,3;72,8;62,8;66,7;10782;47;64,7223549;7,68;7,05;6,36;7,01;9,1;8,1;1150432
1994.02.28;74,37;75,30;54,4;92,7;58,9;68,70;29 160,0;35 100,0;5 940,0;37,3;;0;;;;;;;659,0;230,9;246,18;75,4;52,3;87,1;72,3;62,2;66,6;11008;25;68,6991509;7,43;7,15;6,47;7,03;8,9;8;1147420
1994.03.31;80,46;81,50;61,1;101,5;65,3;75,96;34 430,0;41 510,0;7 080,0;44,7;;0;;;;;;;662,8;231,8;247,09;75,7;52,5;86,9;72,4;62,5;66,7;16369;39;75,9568036;7,25;7,87;7,17;7,08;9;7,9;1161886
1994.04.30;77,52;82,56;59,0;97,2;64,9;74,17;31 110,0;37 100,0;5 990,0;40,7;;0;;;;;;;666,3;232,7;248,09;75,9;51,6;86,9;72,7;62,9;66,8;15838;47;74,1672454;7,25;8,64;7,94;7,12;9;7,9;1150560
1994.05.31;77,82;84,11;58,3;100,2;61,5;74,76;32 770,0;37 790,0;5 020,0;43,6;;0;;;;;;;670,6;234,8;248,65;75,6;50,6;86,9;72,9;63,2;66,8;15756;74;74,7637648;7,06;8,91;8,21;7,03;9;7,7;1163788
1994.06.30;81,48;88,56;66,0;99,6;71,6;80,33;33 810,0;40 890,0;7 080,0;43,1;;0;;;;;;;671,8;236,3;248,7;75,9;50,5;87,1;73,4;63,8;67,2;16052;94;80,3312792;6,93;10,01;9,35;7,02;9,2;7,8;1178643
1994.07.31;47,79;46,85;32,6;74,3;27,8;44,64;24 020,0;33 140,0;9 120,0;40,7;;0;;;;;;;675,7;238,6;248,75;76,6;50,5;87,3;74,4;64,7;68;8242;61;44,6395351;6,92;10,9;10,26;7,35;9,4;7,8;1206666
1994.08.31;68,59;77,72;48,9;88,8;59,7;66,51;32 500,0;32 060,0;-440,0;44,6;;0;;;;;;;679,1;241,0;248,82;76,9;50,8;87,2;75;65,2;68,3;9684;50;66,5119131;7,05;11,44;10,85;7,72;9,4;7,7;1215294
1994.09.30;82,59;86,24;70,8;96,6;75,1;81,13;36 150,0;41 480,0;5 330,0;43,7;;0;;;;;;;680,2;240,7;251,07;77,1;50,9;87,3;75,4;65,1;68,7;12905;76;81,1266384;7,2;11,43;10,81;7,74;9,3;7,5;1235317
1994.10.31;85,03;87,40;70,7;101,4;73,0;82,22;37 950,0;44 110,0;6 160,0;44,6;;0;;;;;;;684,6;242,8;251,34;77;51,9;87,1;75,7;65,3;69,2;13579;59;82,2202573;7,2;11,13;10,53;7,98;9,1;7,3;1232414
1994.11.30;86,24;87,79;71,1;101,5;80,2;83,21;37 510,0;43 260,0;5 750,0;45,8;;0;;;;;;;688,8;244,9;251,16;77;53,1;86,8;75,9;65,6;69,5;14600;45;83,2144563;7,39;11,12;10,54;8,14;9,1;7,3;1270227
1994.12.31;89,19;81,98;82,5;99,8;75,2;85,90;42 350,0;50 490,0;8 140,0;62,7;;0;;;;;;;690,1;247,2;250,7;76,8;53,1;87;76,8;66;70;14763;55;85,8987936;7,52;10,86;10,36;8;9,1;7,5;1286597
1995.01.31;80,77;82,85;63,6;90,5;67,6;75,66;33 700,0;41 700,0;8 000,0;41,1;;0;;;;;;;698,2;250,9;251,64;77,3;54;88,1;79,6;67,2;71,9;13944;28;75,6585439;7,6;11,03;10,63;8,05;9,2;7,5;1326136
1995.02.28;83,30;83,63;71,3;93,3;73,4;79,83;37 100,0;46 500,0;9 400,0;39,5;;0;;;;;;;700,1;251,4;252,54;77,7;53,9;88,5;80,5;67,8;72,6;13123;50;79,8341797;7,71;10,74;10,3;7,93;9,2;7,4;1313992
1995.03.31;90,30;89,53;78,3;102,9;76,1;86,99;42 800,0;53 600,0;10 800,0;44,5;;0;;;;;;;706,5;252,4;253,54;77,9;54,1;88,8;80,8;68,1;72,9;17457;87;86,9924125;8,07;11,2;10,73;8,7;9,5;7,3;1345928
1995.04.30;88,27;89,53;75,7;104,5;74,7;85,70;38 200,0;44 700,0;6 500,0;43;;0;;;;;;;709,8;253,0;255,21;78,1;53;89,3;82,7;69,1;73,8;15490;49;85,6999538;8,34;11,44;10,91;8,81;9,8;7,3;1348498
1995.05.31;87,56;90,69;74,0;103,4;68,2;84,90;39 400,0;49 200,0;9 800,0;46;;0;;;;;;;710,8;254,4;255,49;78,2;52,7;89,8;83,5;69,6;74,2;16420;88;84,9045946;8,41;10,77;10,32;8,8;9,5;7,3;1355460
1995.06.30;90,91;89,73;86,0;102,1;73,7;89,98;38 200,0;51 400,0;13 200,0;45,4;;0;;;;;;;719,3;256,7;255,21;78,8;52;89,7;83,4;69,5;74,3;15827;154;89,9750095;8,61;10,61;10,3;9,19;9,6;7,3;1370401
1995.07.31;56,21;51,59;45,1;77,5;31,6;52,69;30 200,0;37 100,0;6 900,0;42;;0;;;;;;;724,3;257,8;254,96;79,3;51,4;90;84,4;69,3;74,9;8731;73;52,692547;8,89;10,58;10,26;9,29;9,6;7,2;1366089
1995.08.31;77,11;80,72;62,9;94,1;66,8;75,06;39 500,0;43 900,0;4 400,0;45,8;;0;;;;;;;724,1;257,5;254,64;79,2;52;90,1;84,6;68,9;75,1;11281;67;75,0620245;8,91;10,25;9,92;9,18;9,4;7,2;1368964
1995.09.30;87,66;87,50;80,2;99,8;73,4;86,20;39 600,0;50 400,0;10 800,0;46,6;;0;;;;;;;726,0;258,8;256,34;79,4;52,5;90,2;84,6;68,8;75,2;14679;105;86,1970533;8,91;9,66;9,41;8,95;9,1;7,1;1374829
1995.10.31;90,30;88,47;82,0;104,4;73,8;88,19;42 400,0;52 400,0;10 000,0;45,1;;0;;;;;;;727,6;259,4;256,91;79,3;52,4;90;83,6;67,6;74,8;17270;87;88,1854513;8,91;9,33;9,04;8,89;8,9;6,8;1359784
1995.11.30;91,72;86,05;81,7;106,4;76,2;87,79;41 400,0;52 000,0;10 600,0;46,2;;0;;;;;;;728,5;259,2;256,81;79;52,9;89,4;82,1;67,2;74,2;15629;62;87,7877717;8,91;9,02;8,71;8,87;8,6;6,6;1369600
1995.12.31;92,94;80,43;89,5;97,8;76,1;87,39;38 000,0;44 800,0;6 800,0;60,8;;0;;;;;;;727,1;258,3;255,99;78,7;53,3;89,1;80,9;66,7;73,6;15209;64;87,3900921;8,91;8,63;8,31;8,64;8,5;6,6;1386165
1996.01.31;82,39;80,34;67,5;91,6;66,0;76,75;35 100,0;46 300,0;11 200,0;39,8;;88,1;;;;;;;729,1;257,5;255,62;78,4;53,9;89,1;80,7;66,5;73,7;11714;79;76,7521628;8,73;8,25;7,84;8,22;8,5;6,7;1411036
1996.02.29;85,74;81,01;74,4;96,7;70,3;80,83;37 800,0;47 400,0;9 600,0;39,1;;89,4;90;91,5;;;-2;;728,1;256,6;255,92;78,4;55,2;89,6;81;66,8;73,8;15207;94;80,8283787;8,34;8,78;8,14;7,69;8,6;6,9;1380547
1996.03.31;89,19;84,21;79,7;103,8;69,8;85,30;39 800,0;51 100,0;11 300,0;42,4;;89;85,3;88,7;;;-10;;725,9;255,9;257,1;78,2;56,4;89,5;80,1;67,3;73,6;14686;62;85,3022742;7,75;8,79;8,11;7,11;8,4;6,7;1371928
1996.04.30;87,06;84,69;76,7;106,9;72,3;84,81;38 200,0;49 000,0;10 800,0;43,1;;88,5;88,1;90,9;;;21;;727,5;256,7;257,81;78,2;56,8;89,3;79,5;66,7;73,2;16683;88;84,8051747;7,17;8,36;7,7;6,28;8,4;6,7;1369604
1996.05.31;88,07;87,69;77,0;110,3;68,1;86,40;36 800,0;48 200,0;11 400,0;45,3;;88,9;85,2;90,8;;;8;;727,2;256,6;257,53;78,3;56,4;89;79;66,2;72,7;17703;120;86,3958931;6,67;8,46;7,7;6,22;8,4;6,8;1373428
1996.06.30;91,52;88,66;88,6;107,5;74,9;91,07;35 000,0;48 600,0;13 600,0;44,1;;89,3;81,5;88,9;;;3;;725,7;256,4;256,61;78,4;54,7;89;78,4;65,5;72,3;17740;110;91,0686284;6,24;8,37;7,57;5,82;8,3;6,7;1373616
1996.07.31;58,75;56,33;43,9;85,6;36,8;55,68;29 300,0;37 600,0;8 300,0;43,4;12;88;87;86,1;83,6;82,9;16;86,4;724,2;256,1;256,02;78,6;55,2;88,8;78;65;72,3;13368;70;55,675144;5,82;8,29;7,5;5,46;8,3;6,6;1394503
1996.08.31;79,14;80,92;65,9;98,2;69,0;77,55;34 400,0;42 300,0;7 900,0;45,4;20;92,5;86,4;87,8;96,5;89,6;14;88,7;723,0;256,2;254,85;78,7;55,5;88,4;77,7;65,1;72,1;13341;98;77,547522;5,44;8,13;7,34;5,2;8,4;6,6;1398772
1996.09.30;88,38;87,31;79,7;102,5;75,8;86,50;39 800,0;48 400,0;8 600,0;44,7;24;93,2;87,7;83,9;93,3;88,8;18;89,6;721,4;256,4;256,31;78,7;57,7;88,5;77,9;65,8;72,3;17030;84;86,495313;5,16;7,82;7,03;4,83;8,4;6,6;1394000
1996.10.31;89,69;85,66;78,7;111,8;78,0;87,29;43 300,0;53 300,0;10 000,0;46,4;15;90,1;92,5;81,7;91,1;87,2;22;91,7;721,7;256,8;256,41;78,9;58,3;88,4;77,5;65,9;72,2;22553;75;87,2906722;4,92;7,22;6,37;4,64;8,3;6,6;1394822
1996.11.30;92,94;86,63;83,9;113,6;77,3;89,88;41 200,0;52 100,0;10 900,0;45,5;13;90,9;92,9;80,6;92,2;88,5;14;92,4;721,3;257,0;255,9;78,6;58,7;88,1;77,1;66;71,9;21173;86;89,8755896;4,56;7,29;6,27;4,46;8,4;6,6;1395538
1996.12.31;98,32;84,89;97,2;112,2;76,7;93,65;38 000,0;44 900,0;6 900,0;59,8;22;91,7;90,6;82,2;93,7;90,7;3;91,8;718,8;257,1;255,51;78,5;59,4;88,9;77,6;66,8;72,1;18956;123;93,6535458;4,22;6,88;5,75;3,91;8,5;6,8;1411193
1997.01.31;85,94;83,82;68,5;100,9;73,9;80,43;37 800,0;47 600,0;9 800,0;41,2;22;90,6;96,3;79,4;95;91,9;-3;93,9;719,5;257,5;255,46;79;58,7;89;77,9;67,1;72,4;16706;80;80,4306991;4,1;6,77;5,42;3,79;8,5;7,1;1423377
1997.02.28;87,66;84,40;76,8;99,3;76,6;83,71;38 400,0;49 100,0;10 700,0;38,6;16;92,6;94,9;82,8;93,2;90,4;12;94,2;721,1;258,0;255,36;79;58,2;89,4;78,2;66,9;72,5;19172;61;83,7115558;4,1;6,71;5,64;3,96;8,6;7,4;1409109
1997.03.31;93,45;88,66;84,7;105,4;77,1;89,58;41 100,0;51 000,0;9 900,0;44,1;17;95;98,8;81,2;97,7;92,7;18;96,7;723,1;259,2;256,4;79,3;57,5;89,7;78,4;66,8;72,7;22319;60;89,5773299;4,1;7,13;6,2;4,16;8,8;7,7;1408681
1997.04.30;93,55;90,40;83,1;111,5;78,9;90,87;45 700,0;58 100,0;12 400,0;45,8;6;96,4;98,7;78,4;97,1;90,4;31;97;723,0;259,5;257,68;79,7;55,6;90,5;79,4;67,2;73,2;26352;104;90,8697886;4,1;7,27;6,3;4,06;8,8;7,7;1426017
1997.05.31;91,52;92,24;80,8;106,3;73,4;89,28;39 700,0;51 000,0;11 300,0;47;22;97,8;95,1;78,6;101,7;94,8;26;95,8;732,4;262,2;257,7;80,7;55,4;90,8;79,7;67,4;73,6;22090;97;89,2790702;4,1;7,04;6,14;4,12;8,8;7,7;1428378
1997.06.30;94,56;93,40;91,3;103,5;79,1;93,95;42 100,0;55 300,0;13 200,0;46,7;26;97,9;96,8;78;101,5;95,4;18;96,9;732,6;262,8;258,04;81;54,4;90,4;79,5;67;73,5;23406;193;93,9518055;4,1;6,83;5,95;4,08;8,8;7,7;1432819
1997.07.31;62,91;57,49;52,9;86,1;42,3;60,05;33 300,0;44 900,0;11 600,0;45,5;38;99,2;100,4;79,9;107,1;100,1;34;99,3;733,5;263,0;257,55;80,9;54;90,5;79,6;67,6;73,5;18089;135;60,0496196;4,1;6,47;5,67;4,09;8,6;7,8;1437743
1997.08.31;81,68;84,11;71,8;92,7;73,0;80,23;39 500,0;46 400,0;6 900,0;45,9;28;98,3;101,1;76,4;98;94,8;32;99,4;735,0;263,2;257,7;80,8;55,6;90,6;79,9;67,3;73,6;17988;95;80,2318593;4,1;6,56;5,85;4,2;8,5;8;1424200
1997.09.30;93,55;92,34;90,6;103,2;84,2;93,45;45 300,0;58 300,0;13 000,0;47;26;100,9;104,2;80,5;94,7;94,3;36;102,3;734,7;263,5;260,1;80,9;55,1;90,8;79,6;67,4;73,5;22069;93;93,454706;4,1;6,41;5,73;4,13;8,4;7,7;1408084
1997.10.31;97,30;95,24;88,7;109,4;87,5;94,95;47 800,0;61 000,0;13 200,0;50,4;29;104,8;104,4;82,3;94,1;94,8;33;104,4;736,3;264,5;260,28;80,7;56,2;90;78,9;67,3;73,3;25849;96;94,9460045;4,1;6,25;5,79;4,26;8,5;7,6;1418288
1997.11.30;99,03;93,50;92,6;111,3;90,5;96,34;46 800,0;56 800,0;10 000,0;46,8;35;103,3;103,3;82,8;103,1;99,9;24;104,2;737,6;264,8;259,85;80,5;57,6;90,4;79,4;67,3;73,6;23202;78;96,3378831;4,1;6,33;5,91;4,33;8,6;7,6;1432670
1997.12.31;102,68;90,40;104,3;110,9;86,8;99,62;43 600,0;53 300,0;9 700,0;62,8;36;106,2;104,7;83,1;99,9;98,7;26;105,3;738,6;265,1;259,72;80,6;57;90,4;79,2;67;73,4;21702;94;99,6187398;4,23;6,06;5,74;4,45;8,7;7,8;1432076
1998.01.31;87,56;87,69;70,1;100,4;83,1;82,72;42 700,0;51 400,0;8 700,0;43,7;32;105,8;108,4;82,2;96,6;96,2;27;106,6;741,6;265,6;257,24;80,7;56,2;91,1;79,7;66,8;73,6;20599;73;82,7173568;4,35;5,69;5,36;4,44;8,7;8;1440267
1998.02.28;90,91;88,47;80,4;102,2;88,8;87,79;43 100,0;55 600,0;12 500,0;41;34;103,6;104,4;83,6;96,1;96,8;20;104,3;741,9;265,5;256,9;80,7;54,8;91,2;79,7;66,9;73,4;20876;53;87,7877717;4,35;5,56;5,22;4,36;8,8;8,1;1413381
1998.03.31;98,72;95,34;88,4;110,0;93,8;95,44;48 900,0;60 600,0;11 700,0;45,7;31;104;104,8;82,8;98;98,8;32;104,5;744,5;266,1;257,29;80,7;53,9;91;79,4;66,6;73,2;24539;62;95,443104;4,35;5,38;5,09;4,51;8,7;8;1406793
1998.04.30;97,41;95,44;86,4;113,4;92,5;94,95;45 300,0;55 600,0;10 300,0;47,4;28;106;99,6;87,8;97,4;97,5;38;102,9;745,7;266,5;258,04;80,9;51,8;90,6;79;66,2;72,8;26815;88;94,9460045;4,35;5,24;5,02;4,5;8,5;7,8;1398124
1998.05.31;94,06;95,34;82,7;105,6;87,3;91,67;43 600,0;53 300,0;9 700,0;49,1;27;107;104,4;86,7;93,4;95,6;34;104,8;754,6;268,4;258,48;80,8;50;89,8;78;65,8;72,1;24990;104;91,6651478;4,35;5,23;5,01;4,52;8,5;7,7;1394929
1998.06.30;100,65;98,44;96,9;111,9;100,8;100,41;44 900,0;58 600,0;13 700,0;48,1;34;107,2;106,6;91,7;97;97,2;40;106,3;753,5;268,5;257,94;80,9;49,6;89,9;78,4;65,6;72,3;27020;126;100,414099;4,17;5;4,73;4,23;8,7;7,9;1392866
1998.07.31;67,07;58,95;58,5;87,7;55,8;63,83;37 100,0;47 700,0;10 600,0;48,3;32;107,6;104,9;92,3;95,9;95,9;33;105,3;752,8;268,3;257,37;80,9;48;90,4;78,5;66;72,2;20642;106;63,8275758;4,1;4,91;4,64;4,14;8,8;8;1401988
1998.08.31;86,85;87,50;75,1;100,8;87,5;84,81;41 900,0;48 000,0;6 100,0;49,5;31;105,3;98,7;92,7;94,8;94,9;31;101,2;753,6;268,5;256,05;80,7;47,3;90,3;78,5;66,1;71,9;20112;93;84,8051747;4,1;4,83;4,63;4,23;9;8,1;1411889
1998.09.30;98,93;94,57;94,9;110,6;102,0;97,63;49 200,0;62 100,0;12 900,0;48,3;36;105,4;98,5;93,5;94,1;95,5;37;100,9;753,6;268,6;257,08;80,7;48,3;90,8;78,6;66,8;72;23823;68;97,6303418;4,1;4,82;4,59;4,22;9,1;7,9;1409432
1998.10.31;101,16;95,24;94,0;114,8;106,2;98,72;51 000,0;62 700,0;11 700,0;51,2;40;105,9;96,8;96,3;100,9;98,3;32;100,1;754,4;269,0;257,63;80,5;50,2;90,8;78,6;67;72,1;26980;95;98,7239607;4,1;4,75;4,53;4,2;9,4;7,9;1431075
1998.11.30;104,00;91,76;100,6;116,0;110,1;100,61;51 400,0;62 200,0;10 800,0;49,6;33;107;94,9;97,4;95,6;96;12;98,7;752,7;268,9;256,98;80,5;51,1;91;78,5;66,9;72,1;24987;104;100,6129388;3,83;4,59;4,19;3,82;9,3;8;1429582
1998.12.31;102,58;83,92;105,0;113,0;107,8;98,72;45 900,0;57 300,0;11 400,0;66,1;26;105,4;93;98,4;93,9;94,8;6;97;750,2;268,5;256,57;80,9;50,6;91,2;78,5;67,1;72,1;25288;109;98,7239607;3,5;4,25;3,86;3,45;9,5;8,1;1448859
1999.01.31;87,87;84,01;72,8;100,5;87,0;82,62;40 400,0;50 600,0;10 200,0;45,1;28;108,7;89,4;95,9;98,6;96,6;-7;95,3;750,5;269,1;256,67;81,2;49,7;90,8;78,1;66,8;71,8;19866;64;82,6179369;3,4;4,02;3,59;3,27;9,1;7,8;1430113
1999.02.28;94,36;87,02;87,3;105,5;96,2;90,97;43 300,0;54 400,0;11 100,0;42,9;35;107,4;89,1;94,9;102,7;98,9;1;95,5;750,7;269,8;256,65;80,4;49,5;89,8;76,6;65,6;70,8;22583;50;90,9692085;3,3;4,18;3,67;3,14;8,9;7,9;1427744
1999.03.31;102,99;93,89;96,6;116,3;100,2;99,72;51 500,0;63 500,0;12 000,0;50,1;27;107,9;87,4;94,6;97,9;96,4;8;95,2;750,9;270,3;257,62;80,6;50,4;89,6;76,7;66,1;70,9;30879;110;99,7181597;3,14;4,44;3,8;3,13;8,9;8,2;1409824
1999.04.30;97,71;92,92;89,3;115,0;94,1;95,44;46 100,0;57 800,0;11 700,0;49,1;29;107,9;87,7;95,9;100,6;97,1;30;96,8;753,5;271,1;258,19;80,8;48,9;89,9;77,1;67,4;70,9;27367;122;95,443104;2,9;4,24;3,53;2,87;8,9;8,3;1396285
1999.05.31;97,91;94,86;90,3;111,7;91,7;95,74;45 500,0;55 100,0;9 600,0;50,4;34;108,4;96,7;92,3;106,1;100,4;19;102;755,0;271,5;258,68;80,8;48,1;90,1;77,4;67,9;71;29182;92;95,7413637;2,9;4,5;3,8;2,92;9;8,4;1405587
1999.06.30;102,68;98,15;101,4;112,5;104,7;102,30;47 900,0;62 800,0;14 900,0;50,6;36;109,9;97,9;95,1;105,6;100,8;21;103,2;756,1;271,8;259,06;80,8;48;90,4;77,6;68,2;71,1;31292;132;102,3030771;2,9;4,87;4,28;2,97;8,8;8,5;1391259
1999.07.31;67,98;65,04;55,7;90,1;51,5;65,22;37 700,0;49 700,0;12 000,0;50,3;37;110;97,3;96,8;104,2;101,2;29;103,1;757,3;272,0;257,93;80,8;49;90,5;77,6;68,6;71,3;24377;100;65,2194544;2,9;5,26;4,81;3,01;8,7;8,5;1385363
1999.08.31;84,01;86,73;71,9;94,3;90,1;82,02;45 200,0;52 200,0;7 000,0;52,5;43;113,1;101,9;96,5;110,4;104,5;37;106,6;756,5;271,9;257,93;80,7;50,4;90,5;78,2;68,9;71,6;22724;163;82,0214175;2,9;5,49;5,09;3;8,8;8,3;1385952
1999.09.30;101,97;96,89;100,0;113,6;106,4;101,51;51 900,0;64 600,0;12 700,0;50,3;51;114,1;103,1;99,3;115,4;108,1;45;108;758,2;272,7;259,76;80,7;51,3;90,4;78,5;69,8;71,9;27502;83;101,5077179;2,9;5,69;5,29;3,05;8,6;8,2;1372939
1999.10.31;104,20;98,82;97,1;119,4;108,8;102,20;53 200,0;63 700,0;10 500,0;53,3;47;114,4;101,3;97,7;112,5;107,2;35;106,6;762,7;274,3;260,06;80,5;54;90,6;78,7;69,7;72,3;30498;86;102,2036572;2,9;5,92;5,53;3,23;8,7;8,1;1373448
1999.11.30;106,94;99,11;101,4;122,2;112,8;104,79;54 400,0;66 000,0;11 600,0;53;48;112,3;104,4;98,5;114;108,4;23;108,3;766,7;275,5;259,35;80,6;55,4;91,2;79,4;70,8;72,8;32028;139;104,7885746;3,06;5,56;5,17;3,38;8,6;8,3;1372916
1999.12.31;104,51;91,37;106,1;106,4;105,3;101,01;52 600,0;62 400,0;9 800,0;72;52;115;105,6;97,7;116,7;109,5;22;110,2;767,5;275,7;259,94;80,9;57,5;91,6;79,9;71,4;73,4;37334;134;101,0106184;3,25;5,59;5,26;3,41;8,6;8,5;1374180
2000.01.31;89,60;99,90;81,3;81,6;138,5;90,20;48 400,0;55 900,0;7 500,0;47,5;53;118,1;105,4;95,3;116,6;109,7;18;111,7;769,3;276,9;257,82;80,4;57,6;92,2;80,3;72,1;73,9;19719;92;90,2;3,25;5,95;5,68;3,57;8,6;8,5;1358417
2000.02.29;96,30;101,30;96,9;85,3;157,4;97,90;52 100,0;63 600,0;11 500,0;47,5;56;118;107;103,9;117,2;111,5;29;113;772,6;277,6;259,04;80,1;58,2;91,7;80,4;72,6;73,9;24423;112;97,9;3,61;5,9;5,76;3,9;8,5;8,6;1330188
2000.03.31;108,20;113,80;113,9;94,0;168,3;111,00;58 600,0;72 900,0;14 300,0;53,4;50;119;110,1;106,6;117,2;112,7;41;114,9;777,5;279,9;260,28;80,1;59,6;90,1;80,2;72,5;73,7;34080;100;111;3,75;5,51;5,44;4,06;8,4;8,7;1312979
2000.04.30;101,50;109,90;104,2;94,6;157,8;105,80;51 400,0;62 900,0;11 500,0;52;49;118,5;109;102,3;115,1;113,2;46;114,3;787,1;283,0;260,05;79,8;57,3;89,7;80;71,4;73,5;30734;89;105,8;3,75;5,42;5,36;3,99;8,3;8,7;1309238
2000.05.31;102,80;113,40;102,9;95,1;161,9;106,80;59 800,0;72 200,0;12 400,0;56,6;54;116,9;107;106,9;115,7;113,6;35;113,2;788,8;283,7;261,29;79,5;58,1;89,8;80,5;72,6;73,8;39066;85;106,8;3,75;5,34;5,34;3,96;8,2;9,1;1307239
2000.06.30;106,30;116,20;112,4;97,4;160,2;112,20;54 100,0;66 700,0;12 600,0;53,8;54;115,7;107,3;108,3;113,5;112,7;33;113;789,7;284,0;261,24;79,7;59;89,9;80,8;73,8;74;33739;117;112,2;3,75;5,13;5,16;3,94;8,3;8,7;1241329
2000.07.31;74,00;79,00;67,8;78,1;81,6;75,30;46 200,0;56 000,0;9 800,0;52,7;61;115,3;108,2;108,3;113,3;112,7;36;113,9;790,7;284,5;260;79,9;57,8;89,4;80,7;72,7;74;23840;79;75,3;3,75;5,31;5,32;4,03;8,4;8,9;1229438
2000.08.31;94,60;104,00;91,2;89,1;149,5;97,60;56 200,0;61 900,0;5 700,0;56,4;52;117,3;107;106,6;111,9;111,1;34;112,8;791,3;284,9;260,18;80,1;59,8;89,2;81,3;74,1;74,4;28105;163;97,6;3,75;5,31;5,25;4;8,4;9,3;1238303
2000.09.30;108,20;112,90;114,5;102,0;174,9;112,90;61 800,0;72 900,0;11 100,0;53,9;50;114,8;104,9;106,6;109,8;108,8;37;110,3;792,9;285,4;262,02;80,3;63,2;89,1;82;76;74,9;30290;134;112,9;3,75;5,26;5,08;3,94;8,4;9,7;1229752
2000.10.31;112,60;118,50;118,0;105,9;180,6;117,30;62 000,0;76 200,0;14 200,0;54,7;49;115,8;107,4;109,2;112,9;109,5;34;110,5;794,8;286,1;262,59;80,5;66,4;89,3;82,7;76,9;75,7;29358;124;117,3;3,75;5,23;5,01;3,99;8,5;10;1240375
2000.11.30;114,80;116,80;124,2;106,3;189,6;119,00;63 900,0;77 000,0;13 100,0;55,2;37;114,6;107,3;109,9;102,5;104,6;26;108,6;797,0;286,9;262,74;80,6;67,7;89,6;83,4;77,5;76,2;29294;117;119;3,75;5,13;4,9;4;8,6;10,1;1288849
2000.12.31;103,10;101,90;111,0;94,4;159,0;105,20;57 900,0;66 000,0;8 100,0;73,6;30;112,4;101,8;108,3;92,8;99,9;15;103,7;798,5;288,1;262,48;80,6;66;89,5;83;76,3;76;32001;173;105,2;3,9;4,92;4,6;4,07;8,7;9,7;1279205
2001.01.31;98,50;104,50;92,7;94,4;147,1;99,70;56 900,0;64 900,0;8 000,0;50,7;31;108,6;97,5;112,4;95,8;101,8;3;100,3;801,8;288,9;261,7;80,9;66,4;88,2;82,8;76;76;20277;109;99,7;4;4,89;4,51;4,07;8,9;9,5;1222937
2001.02.28;99,50;103,10;102,2;92,5;147,8;101,90;54 800,0;65 200,0;10 400,0;47,7;25;106,5;94;103,2;93;98,5;10;96,7;803,5;289,1;262,65;81;68,7;87;82,5;76,2;75,8;21487;76;101,9;4;4,86;4,51;4,01;9;9,7;1185971
2001.03.31;111,40;113,40;115,9;107,6;167,9;114,80;61 400,0;76 400,0;15 000,0;55,4;24;105,4;90,5;106,9;93,9;97,5;9;94,7;808,6;290,8;264,59;81,5;66,2;87,3;82,3;76,6;75,7;28105;76;114,8;4;4,75;4,33;4,06;9,1;10;1185103
2001.04.30;98,60;107,20;96,1;98,1;143,4;102,40;56 400,0;65 500,0;9 100,0;54,3;25;103,2;87,7;104,9;91,8;94,5;16;93,1;819,5;293,1;266,89;82;68,9;87,4;82,9;77,2;76,1;26981;60;102,4;4;4,93;4,51;3,94;9,1;10,2;1186266
2001.05.31;102,00;111,30;98,7;102,1;145,4;106,00;57 200,0;69 300,0;12 100,0;58,6;17;103,4;86,2;106,8;88;91,5;14;90,7;821,4;293,4;268,7;82,1;66,4;87,1;82,3;77,7;75,7;29784;118;106;4;5,27;4,82;4,01;9,1;10,3;1194916
2001.06.30;101,80;111,30;106,8;97,5;152,0;107,90;52 600,0;68 800,0;16 200,0;57;15;102,9;84,9;108,1;86,4;89,7;4;88,4;823,2;293,6;268,31;82,5;67,3;87,2;82,6;78,1;76;28683;195;107,9;4;5,38;5,03;4,17;9,2;10,8;1163644
2001.07.31;73,20;77,30;62,5;86,5;74,9;74,90;46 500,0;55 600,0;9 100,0;55,2;18;102,1;84,3;107,9;87,2;90,2;9;84,4;826,1;294,5;266,94;82,6;65,5;87,6;82,6;78,1;76;19135;65;74,9;4,17;5,42;5,08;4,31;9,3;10,8;1156940
2001.08.31;93,60;103,40;88,5;93,0;139,4;96,90;52 800,0;62 000,0;9 200,0;60,3;10;100,9;85;104;85,8;88,2;14;84,6;825,1;294,1;267,6;82,7;65,5;87,6;82,5;78,1;75,8;22203;190;96,9;4,25;5,16;4,77;4,28;9,3;10,3;1166956
2001.09.30;105,70;109,10;110,3;103,8;157,1;109,80;53 000,0;68 200,0;15 200,0;55,9;6;97,7;85,9;103,7;83,8;86,8;10;85,9;824,2;294,3;269,85;82,6;65,7;87,9;83;78,8;76;22146;94;109,8;4,05;5,26;4,74;4,01;9,7;10,6;1145602
2001.10.31;109,60;113,90;111,2;109,1;161,8;113,50;61 000,0;76 500,0;15 500,0;58,4;11;99,1;83,9;100,5;87,8;87,6;4;86,1;824,7;294,8;269,12;82,9;66,1;88,3;83,5;78,2;76,4;24429;77;113,5;3,75;5,17;4,6;3,69;9,6;10,6;1136753
2001.11.30;108,80;110,80;115,0;105,1;163,8;112,70;59 400,0;73 600,0;14 200,0;59,1;9;101,2;85,1;98,3;90,2;88,5;1;88,4;825,1;295,0;269,22;83;65,7;87,2;82,5;77,4;75,9;23916;44;112,7;3,75;4,96;4,49;3,68;9,4;10,6;1126924
2001.12.31;102,70;103,80;110,1;96,4;153,2;105,80;50 700,0;60 500,0;9 800,0;75,9;12;101,5;87,6;101,4;94,8;90,7;3;90,4;825,1;295,7;269,46;83;64,7;87,8;82,1;77,3;75,7;23116;83;105,8;3,75;5,24;4,9;3,71;9,4;10,6;1156827
2002.01.31;96,20;99,60;87,3;100,0;132,2;97,20;53 600,0;66 000,0;12 400,0;54,4;8;100,1;87,2;103;99,6;92,1;-7;91,7;827,3;297,0;268,8;82,6;66,8;87,9;81,9;77,8;76,1;19303;60;97,2;3,75;5,27;5,01;3,74;9,2;10,4;1149272
2002.02.28;100,10;101,20;104,1;101,9;133,8;103,60;52 600,0;66 800,0;14 200,0;50,7;7;104,9;88,2;100,5;97,9;92,8;11;91,6;831,4;298,1;269,45;82,5;65,8;87,7;81,4;77,4;75,7;21274;110;103,6;3,75;5,36;5,18;3,87;9,2;10,6;1128475
2002.03.31;112,00;112,50;119,7;111,0;150,7;116,30;57 400,0;70 400,0;13 000,0;59;12;106,8;91,6;98;100,4;95;22;94,6;835,2;298,8;271,76;82,3;66,4;87,9;81,3;78,1;75,7;26565;73;116,3;3,85;5,63;5,46;4,09;9,1;10,3;1128326
2002.04.30;103,00;107,50;106,2;100,4;142,9;106,60;58 800,0;72 000,0;13 200,0;59,1;21;105,8;91,2;98,7;106,1;99,3;26;94,1;845,3;301,7;272,94;82,4;67,5;87,4;81;77,8;75,7;27422;60;106,6;4;5,69;5,46;4,25;9,1;10,3;1133137
2002.05.31;102,40;110,80;101,0;105,0;136,8;107,10;54 200,0;70 700,0;16 500,0;62,6;17;105;92;93,4;104,4;99,2;21;92;847,3;302,4;273,64;82,4;65,6;87,4;81,3;78,1;75,7;28869;87;107,1;4,24;5,69;5,45;4,29;9,2;10,1;1118338
2002.06.30;101,80;109,90;108,5;101,9;145,9;108,80;52 700,0;67 600,0;14 900,0;59,2;19;103,9;101,1;91,1;105,2;99,9;25;95,6;848,1;303,5;273,24;82,2;65,6;87,4;81,2;77,6;75,6;26529;178;108,8;4,25;5,52;5,27;4,28;9,1;9,6;1093801
2002.07.31;73,90;79,40;62,0;90,1;76,0;76,60;45 900,0;57 000,0;11 100,0;59,2;30;104,5;93,5;88,7;108,7;101,8;20;93,3;848,6;303,7;272,27;82,1;65,3;87,1;80,8;77,7;75,4;20542;101;76,6;4,25;5,37;5,06;4,26;9,3;9,3;1136064
2002.08.31;91,60;104,80;86,2;93,2;133,2;96,70;50 600,0;58 800,0;8 200,0;62,3;28;101,5;92,6;92,5;104,6;100,3;25;91,3;849,4;304,3;272,43;82,3;66,5;87,5;81,4;78,7;75,9;22252;118;96,7;4,25;5,13;4,83;4,19;9,3;9,5;1147839
2002.09.30;105,00;111,30;114,0;106,1;158,9;112,10;56 500,0;68 800,0;12 300,0;59,8;27;101,9;95,9;88,3;105,1;100,2;21;92,4;850,9;305,0;274,5;81,8;68,5;86,7;81;78,1;75,8;25293;108;112,1;4,25;4,97;4,62;4,17;9,2;9,4;1148053
2002.10.31;109,20;115,10;116,9;107,2;164,1;115,00;60 900,0;73 200,0;12 300,0;63,7;25;99,3;92,3;87,7;103,5;99,3;13;87,9;851,1;305,6;275,39;81,7;72;86,7;80,8;77,5;76;27319;139;115;4,25;5,07;4,62;4,07;9,1;9,3;1156138
2002.11.30;108,80;112,80;119,0;101,2;165,7;113,80;60 000,0;72 300,0;12 300,0;61,4;27;99,8;90;90,1;105,1;100,7;10;89,4;849,8;305,8;274,72;81,7;74,3;86,4;80,5;76,7;76,1;25297;89;113,8;4,15;5,05;4,54;3,91;9,1;9,1;1152662
2002.12.31;103,80;100,70;116,3;104,4;128,8;107,90;53 500,0;62 200,0;8 700,0;78,9;26;98,5;92,9;86,7;104,3;100;-2;91,1;849,4;306,8;275,07;81,6;83,3;86,4;80,7;76,7;77;23254;107;107,9;3,83;4,89;4,39;3,66;9,1;8,9;1160329
2003.01.31;99,20;100,40;93,0;108,4;136,8;101,40;56 400,0;65 300,0;8 900,0;56,4;26;95,8;92,6;89,8;101,5;97,9;-4;88,8;857,6;308,9;275,96;81,3;86,7;87,1;81,3;78;77,6;22571;79;101,4;3,75;4,7;4,23;3,65;9,2;8,6;1248286
2003.02.28;98,40;101,90;102,0;97,5;141,7;102,20;57 400,0;67 000,0;9 600,0;52,4;17;96,6;100;93,3;97,9;95,3;30;94,6;859,5;309,6;278,4;81,5;84,5;87,4;81,3;78,6;77,5;22423;90;102,2;3,75;4,47;3,97;3,61;9,1;8,5;1217164
2003.03.31;109,90;113,50;120,1;106,3;148,7;115,40;61 900,0;74 900,0;13 000,0;59,5;15;93,9;100,2;92;92,7;92,6;30;91,4;865,0;310,8;279,83;81,5;82,4;87;80,9;77,6;77,3;28834;69;115,4;3,64;4,57;4,03;3,4;9,2;8,5;1221628
2003.04.30;105,80;108,60;112,1;110,5;144,6;111,60;59 200,0;72 200,0;13 000,0;61,4;14;94,4;95,8;88,6;91,8;90,8;35;87,9;870,7;313,3;278,84;81,6;75,8;86,2;80,4;76,5;76,4;27615;102;111,6;3,5;4,72;4,17;3,42;9,2;8,4;1234663
2003.05.31;103,10;108,70;107,9;108,3;142,3;109,50;53 800,0;69 000,0;15 200,0;64,6;9;96,1;95,3;85,3;92,2;89,7;29;90,1;868,3;312,8;278,51;81,4;71,6;85,7;79,3;75,5;75,5;29681;100;109,5;3,5;4,37;3,77;3,26;9,2;7,9;1198771
2003.06.30;104,80;111,40;116,1;107,1;154,0;113,40;55 300,0;68 900,0;13 600,0;62,6;2;97,5;86,9;87,1;88,8;87,3;10;87;865,4;312,3;277,74;81,5;70,1;85,6;78,9;75,2;75,1;29066;219;113,4;3,17;4,2;3,53;2,8;9,1;7,8;1194515
2003.07.31;76,80;80,40;67,9;93,9;83,9;80,30;45 100,0;58 300,0;13 200,0;62,1;3;101,2;84,4;83;88,3;84,8;4;86,1;863,8;311,8;276,78;81,1;73,2;84,8;78,7;75,1;75,2;22098;56;80,3;2,82;4,51;3,85;2,7;9,2;8,1;1193146
2003.08.31;93,60;103,90;95,5;96,8;150,0;100,70;51 900,0;59 500,0;7 600,0;65,1;8;101,5;89,9;85,3;90,9;87,5;21;89,3;865,6;313,0;276,7;81,1;75,4;84,7;78,9;76,4;75,4;21470;141;100,7;2,75;4,7;4,18;2,7;9,2;8,3;1224571
2003.09.30;108,50;111,70;125,1;110,3;159,4;117,30;60 100,0;76 600,0;16 500,0;62,3;12;104,8;89,2;85,9;96,9;90,8;21;90,1;865,8;312,8;278,71;81,1;74;84,7;78,9;76;75,4;26148;109;117,3;2,75;4,73;4,18;2,71;9,1;8,1;1198907
2003.10.31;111,10;114,30;122,8;112,6;167,1;118,10;62 600,0;76 700,0;14 100,0;67;12;101;91,9;86,1;93,1;90,4;20;90,7;867,1;313,0;278,9;80,9;76;84,2;78,1;75,5;75,2;29431;105;118,1;2,75;4,85;4,31;2,73;9;7,7;1207175
2003.11.30;109,50;111,60;121,8;105,6;170,4;115,50;59 600,0;70 400,0;10 800,0;62;14;96,5;91,8;84,8;97,4;93,7;20;90,1;868,5;313,4;278,32;80,6;77,3;83,9;77,9;75;75,2;23901;48;115,5;2,75;4,98;4,45;2,73;9;7,7;1228653
2003.12.31;106,80;100,60;120,8;108,8;134,9;110,70;56 000,0;67 100,0;11 100,0;82;10;97,4;94,1;80,8;91,7;91,3;13;93,6;868,1;313,3;278,57;80,6;75,4;83,5;77,5;75,1;74,8;23839;69;110,7;2,75;4,86;4,3;2,69;9;7,4;1228740
2004.01.31;103,10;102,40;101,6;108,5;128,2;104,60;52 200,0;64 100,0;11 900,0;58,2;6;100,4;94,8;84,2;88,6;89,9;17;93,2;872,7;315,1;277,96;80,5;76,8;83,4;77,5;75,5;75,1;19134;51;104,6;2,75;4,65;4;2,6;9,1;7,2;1265428
2004.02.28;104,70;103,20;113,1;103,8;139,8;108,20;56 000,0;71 800,0;15 800,0;56,2;6;103,9;95,1;87,8;91,9;92,1;29;95,4;873,3;315,0;277,29;80,5;76,6;83,5;77,8;75,9;75,3;20844;107;108,2;2,59;4,55;3,86;2,46;9,2;7,3;1258230
2004.03.31;114,90;115,20;131,7;106,2;159,1;119,80;66 400,0;81 700,0;15 300,0;62,3;6;100,4;95,7;91,5;93;93;38;95,5;876,0;316,0;279,38;80,7;78,7;83,7;78,6;76,8;76;29743;28;119,8;2,5;4,31;3,53;2,27;9,2;7,5;1267140
2004.04.30;110,00;109,20;118,4;117,5;143,0;115,70;62 600,0;77 900,0;15 300,0;64,6;8;103,8;98,7;90,3;91,7;92,2;42;98,9;886,4;319,9;279,44;80,9;78,4;84;79,3;77,5;76,5;30351;64;115,7;2,09;4,55;3,75;2,02;9,2;7,7;1246389
2004.05.31;108,50;112,70;118,5;110,6;139,6;115,50;60 100,0;75 400,0;15 300,0;65,2;9;100,3;100,8;92,6;95,1;93,9;42;100,2;891,4;321,7;280,13;80,7;78,6;84,2;79,5;78,6;76,5;28915;99;115,5;2;4,68;3,97;2;9,1;7,6;1227737
2004.06.30;109,80;116,80;126,3;109,4;150,6;119,20;62 500,0;82 700,0;20 200,0;65,9;12;102,7;100,4;95,3;92,9;92,7;33;101,5;894,4;323,8;278,91;80,6;77,7;83,9;79,4;77,9;76,4;32539;285;119,2;2;4,72;4,03;1,98;9,1;7,5;1230559
2004.07.31;78,50;79,20;66,5;97,8;76,6;79,60;49 700,0;63 800,0;14 100,0;64,8;14;101;101,5;101,8;89,1;89,7;31;101,7;897,2;324,5;278,49;80,5;77,7;83,9;79,7;78,7;76,6;20888;71;79,6;2;4,57;3,88;1,99;9,2;7,5;1229532
2004.08.31;98,50;108,30;103,0;97,9;143,4;105,10;61 100,0;67 700,0;6 600,0;67,1;17;102,5;101,9;98,2;91,7;92;33;104,4;900,0;325,0;278,16;80,3;80,2;83,7;79,8;79,9;76,8;21570;188;105,1;2;4,42;3,85;2,02;9,2;7,5;1237953
2004.09.30;114,30;115,40;135,2;110,0;167,1;122,20;68 400,0;82 300,0;13 900,0;65,1;13;102,4;105,5;100,9;91,3;91,2;39;107;900,8;325,6;280,19;80,4;80,1;83,6;79,9;80;76,9;26357;74;122,2;2;4,37;3,9;2;9,1;7,4;1242692
2004.10.31;117,00;118,90;127,6;113,5;165,6;122,40;66 800,0;79 200,0;12 400,0;67,1;11;103,4;100,3;102,9;90;89,4;27;103,7;902,9;326,8;281,02;80,2;83,5;83,1;79,9;80,7;77,2;26453;89;122,4;2;4,25;3,75;1,99;9,1;7,3;1246468
2004.11.30;116,00;115,00;129,4;112,1;163,2;120,50;69 200,0;80 700,0;11 500,0;66,5;11;103,5;102,7;104,8;86,1;89,1;24;103,5;902,8;327,1;279,41;80,2;84;83;79,7;79,4;77,2;26703;41;120,5;2;4,13;3,6;1,99;9;6,9;1237073
2004.12.31;107,20;102,70;122,0;98,6;133,6;109,00;64 500,0;77 300,0;12 800,0;85,6;10;105,1;100;108,8;90,5;92,1;21;101,9;904,8;328,1;279,35;80;79,2;82,4;78,4;77,8;76,3;28039;75;109;2;3,9;3,33;1,99;9;6,7;1257326
2005.01.31;102,70;105,70;103,0;99,4;129,4;103,70;58 700,0;68 400,0;9 700,0;59,4;14;105,1;101;105,7;88,2;91;20;104,4;909,3;329,3;277,89;79,9;80,9;82,7;79,2;78,8;77;19510;48;103,7;2;3,84;3,16;2;9,1;6,9;1286784
2005.02.28;108,50;103,60;120,5;106,9;142,2;111,60;61 700,0;74 300,0;12 600,0;57,1;14;103,9;98,5;102,3;90,5;92,1;25;102,8;914,1;330,5;279,2;80,2;82,3;83,2;79,8;79,7;77,7;21542;38;111,6;2;3,76;3,1;1,97;9,1;7;1269500
2005.03.31;120,80;113,70;145,0;112,0;161,2;126,40;69 000,0;82 500,0;13 600,0;64,9;8;105,7;94,3;102,3;88,5;90,5;20;102,2;918,7;332,1;279,75;80,2;84,9;83,3;80,3;81,5;78,2;27288;46;126,4;2;3,86;3,2;1,97;9,1;6,9;1269454
2005.04.30;108,50;107,00;120,9;109,6;146,6;113,60;71 000,0;84 200,0;13 200,0;66;6;101,4;90,3;103,8;87;89,4;24;98,4;924,9;334,1;280,16;80,4;86,7;83,3;81,3;81,7;78,8;30022;130;113,6;2;3,58;2,97;1,99;9,2;7,1;1251464
2005.05.31;109,30;111,80;122,4;107,4;138,0;115,20;69 200,0;80 400,0;11 200,0;69,1;8;102,5;93,3;107,3;88;90,3;25;98,3;924,6;334,3;280,35;80,4;83;83,6;81,6;81,5;78,7;29844;101;115,2;2;3,34;2,72;1,9;9,2;7,2;1245837
2005.06.30;115,10;115,50;136,6;111,8;154,4;123,50;68 900,0;87 500,0;18 600,0;70,2;17;102,7;93,5;106,9;91,4;93,9;16;100,5;926,0;334,6;280,45;80,8;83,7;84;82,1;83,6;79;30481;234;123,5;1,84;3,11;2,44;1,65;9,3;7,6;1248052
2005.07.31;84,10;81,70;87,0;93,6;79,9;86,30;57 900,0;71 400,0;13 500,0;68;21;102,6;90,1;111,6;91;94,4;9;98,9;928,4;335,4;279,41;81,4;86,3;84,4;83,3;84,8;79,8;20453;123;86,3;1,5;3,06;2,4;1,48;9,4;7,8;1243059
2005.08.31;97,40;102,60;99,8;99,3;128,6;101,40;67 700,0;77 400,0;9 600,0;71,2;25;105,4;96,1;109,2;93,9;97,4;24;99,8;927,7;335,4;279,95;81,6;88,4;84,7;84;87,2;80,3;23547;224;101,4;1,5;3,14;2,57;1,48;9,3;7,6;1254413
2005.09.30;116,70;115,10;137,9;111,4;166,7;123,60;75 500,0;89 300,0;13 800,0;68,6;29;104,8;93,6;110,5;97;98,8;21;102;929,9;336,0;281,87;81,4;90,3;84,4;83,9;86,5;80,5;29056;163;123,6;1,5;2,98;2,5;1,47;9,3;7,6;1257816
2005.10.31;120,10;118,50;135,7;121,3;158,5;127,00;77 700,0;87 600,0;9 900,0;70,2;27;105,4;97,2;108,4;97,1;99,7;30;103,7;934,1;337,9;282,37;81,4;91,7;84,4;84;86,5;80,7;26704;55;127;1,5;3,17;2,87;1,49;9,4;7,8;1277615
2005.11.30;116,60;114,50;132,3;113,4;155,2;121,60;79 400,0;89 800,0;10 400,0;71,1;36;105,3;93,7;108,7;100,5;102,9;21;104,3;934,4;338,4;281,69;81,8;92,4;84,9;84,7;86,6;81,4;26876;43;121,6;1,5;3,39;3,08;1,51;9,6;8,1;1313370
2005.12.31;111,70;103,10;135,5;98,1;141,7;114,20;77 000,0;84 600,0;7 600,0;91,6;40;107,5;99,3;108,8;101,9;105;21;105,8;936,3;339,5;281,82;81,9;93,4;85,1;85;87,3;81,7;26456;47;114,2;1,5;3,37;3,16;1,69;9,4;8;1309462
2006.01.30;110,00;106,50;113,5;114,3;130,3;111,70;68 900,0;83 900,0;15 000,0;63,9;46;111,2;102,2;111,9;107,8;109,4;19;108,7;947,6;343,0;279,59;81,8;97,2;85,5;85,3;88,1;82,3;19173;82;111,7;1,56;3,33;3,12;1,83;9,3;7,7;1303294
2006.02.28;109,00;104,30;120,1;112,1;137,6;112,90;72 400,0;83 000,0;10 500,0;60,4;47;108,6;101,4;112,1;111,2;111,5;34;109,8;950,2;345,0;280,9;81,4;98,1;84,9;84,5;87,2;82,1;20326;59;112,9;1,75;3,42;3,17;1,93;9,3;7,8;1292834
2006.03.31;122,30;115,00;146,1;118,0;171,7;127,70;83 900,0;105 800,0;21 800,0;69,8;47;107,5;100,9;110,5;109,9;110,5;28;107,5;956,4;347,1;282,89;81,5;101,4;84,9;85,3;88,1;82,8;28007;70;127,7;2;3,55;3,3;1,96;9,4;7,8;1267689
2006.04.30;113,10;111,80;126,4;116,1;145,9;119,30;73 400,0;85 100,0;11 700,0;71;50;108,4;100,3;112,4;111,2;111,2;28;108,1;967,4;353,1;284,32;81,3;101,2;85;85,8;90,2;83,2;28751;141;119,3;2;3,84;3,53;2,05;9,3;7,6;1243138
2006.05.31;116,20;116,40;134,3;114,4;146,3;123,10;81 800,0;94 700,0;12 900,0;76,6;56;110;98,8;111,8;112,2;112,3;27;107,4;969,9;354,0;284,76;81,2;96,4;84,8;85,7;89,8;83;32556;110;123,1;2;3,89;3,54;2,11;9,3;7,3;1236131
2006.06.30;116,40;114,40;143,7;117,8;168,2;127,10;78 300,0;94 800,0;16 500,0;76,7;55;107,7;105,2;108,5;111,8;112,6;31;108,2;976,0;358,0;284,68;81,1;97,9;84,7;85,5;89;83,1;31662;202;127,1;2,09;3,93;3,67;2,21;9,2;7,3;1237696
2006.07.31;82,90;82,80;83,4;100,0;80,1;87,00;66 800,0;75 900,0;9 000,0;73,1;63;107,8;101,8;106,5;117,7;116,3;24;106;982,1;360,8;284,19;80,8;100,1;84,5;85,7;89,9;83,4;21791;69;87;2,25;3,96;3,73;2,28;9,2;7,3;1217857
2006.08.31;101,50;105,00;117,2;106,5;130,4;110,60;74 900,0;82 800,0;7 900,0;76,6;56;106,4;101,4;109,9;103,3;108,5;18;106,9;984,6;362,1;284,38;80,9;103,9;84,8;86,2;91,5;84,2;24677;322;110,6;2,25;3,84;3,69;2,43;9,2;7,2;1227652
2006.09.30;119,80;118,80;154,1;115,7;167,9;132,40;83 800,0;94 400,0;10 600,0;73,7;58;108,3;102,7;110,1;110,3;112,8;17;108;987,2;364,5;286,04;80,9;101,2;84,6;86,1;89,3;84,1;27242;144;132,4;2,46;3,7;3,6;2,54;9,3;7,3;1221195
2006.10.31;122,80;122,80;146,6;119,7;171,2;132,20;89 200,0;98 500,0;9 300,0;75,9;61;107,7;103,7;112,9;113,8;114,2;18;109,7;994,1;369,0;286,07;80,9;99,8;84,6;86,8;89,1;84,7;26796;56;132,2;2,5;3,73;3,64;2,74;9,3;7,3;1221758
2006.11.30;122,40;119,00;146,9;118,7;162,7;129,80;87 300,0;99 200,0;11 900,0;76;55;106,7;107,2;116;111,8;113;25;111,7;996,8;370,2;286,43;80,8;100,4;84,6;87;89,3;84,8;27169;56;129,8;2,75;3,62;3,58;2,9;9,1;7,1;1240719
2006.12.31;122,30;110,10;156,8;112,2;148,6;128,00;78 900,0;91 300,0;12 300,0;97,6;52;107,1;102,6;115,4;113,8;113,3;13;110,2;998,6;370,9;286,43;80,6;97,1;84,4;86,3;88,4;84,2;25672;154;128;2,85;3,65;3,68;3;9;6,8;1269957
2007.01.31;113,90;110,90;124,8;107,2;152,7;116,00;79 300,0;89 300,0;10 100,0;67,2;52;105,5;102,6;113,4;111,3;110,9;12;110,1;1 005,8;376,7;285,01;82,1;98;84,6;86,9;86,2;84,8;22865;110;116;3;3,9;3,91;3,21;9,1;7;1248846
2007.02.28;115,70;110,00;140,6;105,6;157,5;120,80;80 100,0;89 200,0;9 200,0;64,1;49;108,1;104,6;114,8;109,2;111,2;24;110,8;1 011,3;377,5;286,45;82,4;99,5;84,9;87,8;87,8;85,6;22471;64;120,8;3,08;3,93;3,91;3,29;9,2;7;1235868
2007.03.31;130,90;123,40;167,9;115,6;160,2;137,70;92 000,0;102 800,0;10 900,0;76,3;48;107,2;104,4;116,8;112,4;113,4;28;110,3;1 017,1;381,6;288,33;83,2;98;85,4;88,9;89,7;86,2;30599;70;137,7;3,25;3,79;3,81;3,26;9,3;7;1207676
2007.04.30;118,20;116,10;139,0;109,5;146,4;123,80;81 900,0;91 900,0;10 000,0;76,2;57;112,2;110,7;120,8;114,6;115,1;48;114,3;1 021,8;384,7;289,79;83,4;97,3;85,2;89,2;91,2;86,6;30533;60;123,8;3,25;4,04;4,07;3,34;9,2;6,8;1189405
2007.05.31;120,20;120,00;146,3;109,1;150,1;127,60;88 200,0;98 400,0;10 300,0;81,2;50;108,1;105,6;117,7;111,1;112,6;28;112;1 039,0;390,8;289,48;83,5;94,2;84,7;89,1;90,4;86,4;33526;87;127,6;3,25;4,15;4,2;3,4;9,2;6,8;1193291
2007.06.30;122,70;121,60;158,2;111,6;158,4;134,00;85 100,0;97 100,0;12 000,0;82,4;46;110,6;107,4;120,2;107,4;110,7;21;112,8;1 041,3;393,2;289,95;83,7;95,6;84,7;89,5;91,5;86,7;30430;55;134;3,29;4,44;4,43;3,45;9,3;7;1165957
2007.07.31;88,60;89,50;96,2;91,6;89,2;92,30;77 300,0;83 100,0;5 900,0;79,6;50;110,3;104,8;116,5;108,9;111,1;22;112,5;1 044,0;394,3;289,49;84,3;94;85,2;90,1;92,7;87;23399;108;92,3;3,5;4,45;4,47;3,53;9,2;6,7;1159641
2007.08.31;106,70;112,90;124,4;100,1;130,4;114,50;85 700,0;88 600,0;2 900,0;82,1;51;108,1;101,5;115,2;111,9;113;22;109,9;1 047,3;396,0;289,41;83,7;95;84,7;89,2;90,3;86,5;26063;149;114,5;3,5;4,25;4,24;3,58;9,3;6,8;1172606
2007.09.30;121,20;120,80;164,1;103,1;169,6;133,70;89 900,0;95 700,0;5 800,0;78;49;105,4;100,2;113,2;109;110,3;22;106,9;1 048,4;396,4;292,3;84,2;97,6;85,3;89,9;92,4;87,1;26186;90;133,7;3,66;4,22;4,17;3,62;9,3;6,7;1128175
2007.10.31;123,90;125,80;159,8;105,2;178,6;133,70;96 200,0;106 100,0;9 900,0;81,7;48;107,9;101,7;115,5;106,7;108,7;22;108,1;1 050,0;397,5;293,85;84,9;100,6;84,9;89,1;92;87,1;31315;86;133,7;3,76;4,31;4,28;3,81;9,2;6,5;1104341
2007.11.30;127,30;122,90;166,3;111,0;165,7;136,00;98 100,0;106 400,0;8 300,0;80,8;49;105,9;102,4;115,1;110;110,2;17;107;1 051,5;397,1;295,75;85;107,8;84,7;88,9;93;87,4;29681;75;136;4;4,22;4,13;4,02;9,3;6,3;1107119
2007.12.31;123,50;114,90;162,2;97,5;155,2;129,30;80 900,0;91 000,0;10 100,0;101;44;104,6;104,2;114,3;105,9;107,4;14;107;1 052,8;399,1;296,32;85,2;108,3;84,7;88,8;92,3;87,4;31470;97;129,3;4;4,31;4,19;4,12;9,4;6,5;1167998
2008.01.31;117,60;114,40;138,0;102,9;126,9;120,30;92 700,0;101 600,0;8 900,0;71,6;41;101,6;101,5;111,2;104,8;105,5;21;103,1;1 054,2;397,8;294,12;86,7;110,2;86;90,1;94,2;88,8;19343;60;120,3;4;4,08;3,9;4,11;9,4;6,4;1144806
2008.02.28;117,40;114,40;145,0;102,1;134,5;122,80;91 200,0;105 800,0;14 600,0;70,9;35;98,4;99,3;112,1;101,6;104;22;100,8;1 059,2;398,3;295,34;86,9;109,8;85,9;90,3;94,9;89;22898;73;122,8;4,1;4,02;3,78;4,21;9,4;6,4;1093429
2008.03.31;130,50;122,50;164,4;111,9;142,2;137,80;91 500,0;100 000,0;8 500,0;76,6;32;99,8;100,8;112,4;100,4;104;25;103;1 065,5;400,5;298,16;86,9;110,3;85,4;89,9;95,1;88,8;24980;51;137,8;4,25;3,92;3,76;4,24;9,4;6,1;1074934
2008.04.30;118,60;117,70;148,9;99,9;135,8;124,00;101 200,0;110 600,0;9 400,0;80,5;33;98;101,1;109,8;99;103,8;31;102,1;1 080,6;406,4;299,47;87,3;113,7;85,4;90,2;95,8;89,4;30198;72;124;4,25;4,06;3,97;4,14;9,4;5,9;1052466
2008.05.31;120,10;118,90;145,3;103,3;123,7;124,60;94 000,0;102 600,0;8 600,0;86,2;27;95,4;96,9;107,2;93,9;99,7;11;96,2;1 087,9;408,6;300,65;86,1;114,2;85;90,1;96,8;89,2;29129;77;124,6;4,25;4,18;4,17;4,11;9,3;6;1048007
2008.06.30;121,40;118,90;164,9;105,2;128,2;132,40;95 900,0;103 100,0;7 200,0;84,1;29;89,9;90,4;106,5;95,1;99,7;0;93,8;1 096,6;409,3;302,08;87,1;120,4;85,1;90,9;98,7;90,1;26043;59;132,4;4,25;4,43;4,61;4,17;9,4;6;1025532
2008.07.31;89,90;88,80;102,1;92,3;78,3;93,80;85 500,0;94 500,0;9 000,0;83,2;28;84,1;88,7;110,6;90,7;95,7;-1;89,4;1 105,0;412,3;301,46;87,3;123,3;85,6;91,8;100,2;90,9;19203;114;93,8;4,43;4,37;4,61;4,34;9,5;6;1040631
2008.08.31;105,60;112,50;122,9;95,8;113,1;113,10;85 600,0;85 900,0;300,0;84,3;13;86,4;87,2;103,7;85,8;91,5;-1;87;1 107,2;412,4;301,98;87,2;123,2;85,9;91,9;98,4;91;19852;303;113,1;4,5;4,11;4,2;4,4;9,4;6,3;1036227
2008.09.30;119,00;119,60;153,6;104,7;145,3;128,40;98 000,0;106 800,0;8 800,0;80;11;88,5;88;107,5;85;89,3;5;88,4;1 106,5;412,2;305,08;87,7;125,5;86,4;92,5;98,2;91,6;24634;103;128,4;4,67;3,9;3,94;4,49;9,6;6,7;1085900
2008.10.31;116,70;116,50;143,6;107,5;136,3;124,30;99 500,0;108 500,0;9 000,0;83,2;13;81,7;84,7;98;82,7;87,2;-4;82,4;1 100,4;411,6;305,56;88,1;119,5;87,5;93;96,2;91,6;23866;148;124,3;4,4;3,57;3,32;3,63;9,8;7,4;1141646
2008.11.30;112,30;108,20;140,8;101,9;124,5;118,70;87 300,0;91 600,0;4 300,0;78,3;-11;82,5;78,4;85,5;67,2;75,9;-23;74;1 096,0;411,3;303,06;89,1;114,9;89,4;94,5;96,4;92,2;18276;67;118,7;3,75;3,34;2,74;3,2;10,1;8;1133323
2008.12.31;101,70;87,90;126,3;98,5;118,4;103,90;75 500,0;83 400,0;7 900,0;100,3;-18;84,8;72;87,2;69,5;75,1;-42;71,3;1 086,4;408,9;298,99;89,6;108,2;89,9;94,1;94;91,5;17922;135;103,9;2,53;2,67;2,11;1,82;10,7;8;1118877
2009.01.31;92,90;85,50;88,7;98,5;98,0;90,50;71 000,0;77 600,0;6 600,0;72,8;-24;88,8;74,6;88,2;70,2;72,4;-12;73,4;1 083,6;403,9;297,88;90,4;108,3;91,7;95,2;95,3;92,2;12371;95;90,5;2;2,8;2,23;1,35;10,7;8,1;1074761
2009.02.28;94,90;86,00;100,8;97,6;105,0;94,40;72 300,0;80 900,0;8 600,0;67,8;-17;88,6;75,5;86,1;77,3;75,5;1;73,1;1 089,6;403,6;297,95;90,5;107;91,9;95,2;95,2;92,1;15508;85;94,4;1,6;2,93;2,19;0,85;10,9;8,5;1019290
2009.03.31;102,50;93,10;114,7;108,6;109,5;105,30;83 100,0;90 900,0;7 800,0;77,2;-28;88,2;67,9;82,5;77,6;75,5;-21;69,5;1 088,1;403,4;298,8;91,6;106,4;93;97,1;97,7;93,1;19225;38;105,3;1;2,94;2,17;0,4;11,2;8,6;1009180
2009.04.30;93,60;89,90;97,2;108,5;102,8;97,50;73 800,0;81 800,0;8 000,0;84,3;-23;84,2;71,8;81,3;79,9;75,7;-1;69,7;1 096,0;404,6;299,26;91,3;105,3;92,5;95,5;96,5;92,3;19983;57;97,5;0,84;3,18;2,37;0,31;10,9;8,3;1040316
2009.05.31;93,20;92,10;100,5;98,3;95,9;96,60;70 200,0;78 200,0;8 000,0;86,4;-9;90,2;76,2;81;90,5;81,3;7;75;1 097,2;404,5;298,49;91,8;102,5;92,5;95,2;96,8;91,8;19760;87;96,6;0,5;3,57;2,74;0,47;10,6;7,8;1020797
2009.06.30;97,70;97,00;113,7;101,1;100,3;104,30;74 400,0;91 100,0;16 700,0;87,9;-1;91,7;77;84,4;97,5;85,9;5;76,9;1 097,0;405,8;299,21;90,3;106,2;91;93,7;95,4;91,1;24141;212;104,3;0,5;3,62;2,76;0,39;10,9;7,8;1078703
2009.07.31;73,30;66,80;70,8;95,3;59,3;75,60;67 300,0;75 300,0;8 000,0;89,3;-9;95,5;87,3;84,4;95,4;83,4;19;84;1 096,9;407,0;297,83;91,4;104,5;92,1;94,7;96,9;91,7;15913;75;75,6;0,3;3,37;2,56;0,18;10,8;7,7;1037191
2009.08.31;85,30;86,40;86,7;97,5;92,9;89,50;69 700,0;74 000,0;4 300,0;85,5;14;99,2;87,4;86,9;108,5;93,9;24;87,6;1 097,7;409,5;298,45;90,3;105,9;91,1;93;96;90,9;16723;164;89,5;0,25;3,45;2,76;0,16;10,2;7,2;1049890
2009.09.30;101,00;101,40;118,6;104,7;106,7;107,10;83 800,0;88 600,0;4 800,0;82,5;18;100,8;85,4;85,5;111;97,5;19;89;1 098,6;409,8;299,37;89,2;103,9;90,3;91,8;93,9;90,1;20793;158;107,1;0,25;3,38;2,68;0,15;10,2;7;1088725
2009.10.31;100,30;100,80;108,1;103,3;115,6;104,00;82 500,0;87 300,0;4 800,0;88,4;15;103,5;92;87,6;110,7;100,4;24;94,4;1 104,1;413,8;300,12;88,5;106,7;89,5;91;92,9;89,8;22811;71;104;0,25;3,25;2,58;0,18;10,3;7;1109927
2009.11.30;99,20;99,80;107,1;101,8;114,7;102,80;83 800,0;85 700,0;1 900,0;83,2;26;105;94,7;88,4;115;105,6;24;97;1 104,7;415,4;300,05;89;108;90,1;92,3;94,9;90,6;21185;105;102,8;0,25;3,27;2,52;0,18;10,3;6,9;1114853
2009.12.31;97,50;86,80;117,0;93,3;94,4;97,70;79 400,0;83 800,0;4 400,0;107,3;33;103,2;99,3;87,1;116,5;108,4;22;102,1;1 105,2;415,5;300,71;88,8;111,8;89,7;92;94,2;90,8;20115;78;97,7;0,25;3,24;2,62;0,17;10,4;7,1;1189171
2010.01.31;94,40;88,90;85,5;102,5;95,6;90,50;72 100,0;78 500,0;6 400,0;75,1;40;101,6;99,9;89,5;123,3;113,4;39;102,3;1 105,6;417,5;298,81;89,5;119,8;91;93,9;97,1;92,6;16352;62;90,5;0,25;3,37;2,67;0,2;10,2;7,1;1167575
2010.02.28;92,90;89,60;97,0;90,4;107,4;92,80;81 300,0;82 200,0;900,0;70,1;31;104,9;105,4;89,9;116,7;110;40;105,8;1 106,7;418,4;300,61;88,8;129;90,2;93;95,6;92,8;18902;131;92,8;0,25;3,28;2,62;0,22;10;7,3;1110809
2010.03.31;107,80;106,60;120,4;106,9;115,4;111,50;93 100,0;99 500,0;6 400,0;83,3;21;105,3;102,6;93,1;113,4;109,9;39;104,5;1 108,4;420,4;301,33;88,3;118,4;89,3;91,9;95,3;91,4;27331;44;111,5;0,25;3,2;2,51;0,23;9,7;7,2;1130051
2010.04.30;100,20;100,30;109,8;100,0;114,5;103,90;86 700,0;92 200,0;5 500,0;83,8;29;107;97,6;95,5;118,5;111,9;43;103,5;1 118,9;426,3;301,37;88;114;89;92;96;91,3;27771;67;103,9;0,25;3,14;2,43;0,29;9,7;7,2;1104047
2010.05.31;105,10;103,90;112,9;104,6;109,4;107,10;90 000,0;92 100,0;2 100,0;90,2;34;107,3;102,6;102,5;110,6;109,2;36;108,3;1 128,6;431,4;301,93;88,4;109,2;89;92,4;95,3;91,3;27275;187;107,1;0,25;2,73;2,07;0,28;9,7;7,7;1116525
2010.06.30;109,80;109,10;124,9;112,2;114,5;114,70;96 600,0;106 800,0;10 200,0;92,1;29;108,9;107,5;101,8;106,7;109,2;37;109,9;1 131,0;432,4;301,98;89,4;109,5;89,6;94,5;96,9;92,5;31039;471;114,7;0,25;2,61;2,04;0,27;9,6;7,8;1114914
2010.07.31;84,3;81,6;84,4;93,9;76,9;84,80;79700;89700;10000;91,5;40;107,8;102;101,4;107;111,2;25;108,9;1131,1;433,3;301,05;89,5;109,3;89,4;94,4;96,7;92,6;22005;113;84,8;0,45;2,7;2,14;0,39;9,5;7,4;1061768
2010.08.31;93,5;94,1;96,6;98,7;102,9;95,70;88800;85400;-3400;89,6;33;109,4;107,1;102,1;101;107;47;110;1131;433,6;301,07;88,8;108,2;88,8;93,5;95,5;92,1;24074;217;95,7;0,5;2,45;1,93;0,45;9,4;7,3;1055408
2010.09.30;110;110,5;138,6;106,6;127,8;118,60;95500;103200;7700;87,1;37;113;112,5;105,9;105,4;111;50;114,7;1132;434,7;303,61;88,7;110,6;89;93,7;95,9;92,5;27573;111;118,6;0,69;2,53;2,03;0,52;9,2;7,1;1082136
2010.10.31;110,6;110,1;132,5;108,7;125,8;117,50;95100;100300;5200;90,6;42;110,8;107,8;105;110,6;113,1;35;112,7;1133,6;434,7;304,58;88,2;113,7;87,8;91,8;94;91,9;27725;68;117,5;0,79;2,64;2,16;0,81;9,3;6,7;1072342
2010.11.30;113;108,1;130;111,7;126,5;116,20;97100;106600;9500;89;44;111,2;109,4;106,7;109,6;114,2;36;115,6;1134,4;435,1;305,59;89;117,4;88;92,6;94,9;92,6;28083;131;116,2;1;2,86;2,26;1,11;9,3;6,8;1079802
2010.12.31;108,8;94,7;142,7;91,8;104,7;108,80;93200;101700;8500;110,7;39;111,3;106,1;110,2;109,4;113,2;26;113,5;1136,3;435,6;307,74;89,6;132,4;88,4;94,3;97,4;94,6;30604;140;108,8;1,09;3,21;2,71;1,28;9,1;6,9;1151468
      2011.01.31;102,7;98,2;95,7;109,9;108,1;99,60;88600;92100;3500;76,4;40;111;111,8;108;104,9;109,4;42;115,2;1143,4;437,6;306,15;86,3;125,9;87,7;92,2;95,9;93;20453;96;99,6;1,25;3,28;2,99;1,49;8,9;6,7;1113540
      2011.02.28;104;97,6;109,6;105,7;115,9;104,50;88700;98400;9700;71,7;28;109,6;110,7;108,1;101,2;107,9;48;115;1149,6;439;308,02;86,4;125,3;87,7;92,5;96,2;93,1;22214;170;104,5;1,36;3,41;3,18;1,74;8,8;6,4;1061319
      2011.03.31;115,8;114,2;129,3;116,9;128,2;119,90;105200;112900;7700;82,3;23;106,4;108,9;107,4;99,6;105,8;45;111,4;1151,3;439,4;310,11;85,9;128,6;87;92,2;96,3;93,1;31642;105;119,9;1,5;3,35;3,17;1,74;8,9;6,4;1064683
      2011.04.30;105,6;107,6;111;112,6;112,2;109,40;95300;97600;2300;88,3;26;105,3;104,3;109,6;98,1;105,1;33;108,3;1164,7;443,6;311,44;86,4;126,1;86,9;92,7;97,6;93,1;31132;87;109,4;1,54;3,3;3,16;1,8;9;6,2;1031480
      2011.05.31;109,3;111,2;125,3;115;109,8;116,90;103600;107600;4000;91,1;35;105;109,9;107;96,9;102,2;48;109,8;1165,1;442,4;312,02;86,5;121,2;86,8;92,2;96,2;92,3;33466;133;116,9;1,75;3,01;2,86;1,91;9;6,2;1053165
      2011.06.30;108,6;110,2;128,2;110,6;111,7;116,90;94100;100900;6800;92,1;28;105,5;106,5;105;95,3;100,1;38;107,5;1165,6;443,1;311,28;87;119,2;87;92,5;96,8;92,3;30047;390;116,9;1,75;2,88;2,62;1,85;9,1;6,3;1059605
      2011.07.31;86,2;82,9;86,9;103;65,1;86,80;84800;91700;6900;90,6;24;102,2;99,3;105,8;93;97,2;29;102,2;1166,6;444,6;311,13;87,6;117,8;87,6;93,7;97,9;92,7;21585;150;86,8;1,96;2,75;2,47;1,8;9,1;6,4;1033519
      2011.08.31;93,4;97,2;92,3;95,7;103,5;95,10;92900;97200;4300;90,7;13;97,3;97,7;104,1;89,4;93,1;16;98,4;1169,7;445,3;311,23;87,8;117,9;87,9;94;98,2;92,9;26342;217;95,1;2;2,17;1,84;1,71;9,2;6,4;1057809
      2011.09.30;111;111,2;126,3;112,2;123,6;116,50;100300;109400;9100;87,3;4;93,3;98,3;103,7;82,7;89,2;18;96,3;1170,8;445,5;313,41;87,6;115,9;87,6;93,5;97,7;92,3;28509;71;116,5;2;1,83;1,48;1,58;9,1;6,6;1023931
      2011.10.31;112,1;110,9;122,9;117,9;122;116,60;97700;102800;5100;89,3;4;94,1;97,2;104,3;82,4;87,4;12;95,6;1170,5;446,3;313,42;87,6;117,6;87,6;92,9;97,2;92,1;26646;99;116,6;2;1,9;1,55;1,45;9,1;6,7;1012240
      2011.11.30;107,5;106;120,6;109,4;116,8;111,80;101000;104300;3300;88,1;0;95,1;93;103,7;84,2;87;-7;94,9;1171,3;446,6;314,16;87,7;124,5;87,6;92,9;97,6;92,8;28256;73;111,8;2;1,69;1,27;1,38;9,1;6,7;1036293
      2011.12.31;104;97,3;117,7;91,1;97,7;101,20;95700;97400;1700;111,2;-4;96,1;93,3;101,5;86,3;86;-9;93,7;1171,1;446,6;314,78;88;121;88,1;93,4;98,2;92,6;26357;72;101,2;1,92;1,68;1,16;1,36;9;6,8;1107675
      2012.01.31;103,3;98,5;96;114,1;102,7;101,10;88200;97800;9600;78,1;1;97,4;90,2;102,1;84,6;88,3;0;90,7;1174,3;448,9;311,85;87,6;125,1;88,2;93,1;97,3;93,1;19909;58;101,1;1,75;1,7;1,29;1,56;8,8;6,8;1134537
      2012.02.28;98,2;97,6;105,7;73,5;106;95,90;94400;98000;3600;75,9;4;97;92,2;96,3;90;91,8;15;91,7;1176;449,1;313,92;87,6;128,7;88;93,3;98,9;93,5;22020;40;95,9;1,68;1,89;1,44;1,59;8,8;6,7;1104498
      2012.03.31;111,7;111,6;119;101,3;111,5;111,50;103700;106200;2500;86,4;9;99,1;99,8;103,7;94,4;97,1;33;99,3;1188,3;452,9;314,8;87,3;126,8;87,9;93,1;98,5;93,1;30436;79;111,5;1,5;1,95;1,51;1,49;8,9;6,7;1070742
      2012.04.30;102,8;100,1;104,7;102,7;105,9;102,80;92600;95300;2700;86,4;15;100,4;98,2;103,4;93,1;94,4;26;100,4;1191,1;454,4;315,49;87,7;124,2;88;93,3;98,1;93;25391;105;102,8;1,5;1,82;1,45;1,44;8,9;6,7;1077521
      2012.05.31;108,7;105,2;111,7;127,2;105,4;112,80;97600;106700;9100;93,9;10;100,3;101,7;97,2;94,6;94,1;37;99;1194,6;455;315,23;87,8;119,6;87,9;93;96,3;92,5;28496;268;112,8;1,5;1,51;1,15;1,38;9;7;1084221
      2012.06.30;109,6;109,7;118,5;118,8;112,1;114,90;94600;103100;8500;95,6;4;100,3;97;93,6;94,5;90,5;21;96,5;1193,4;454,9;314,45;88,8;114,9;88,7;93,7;96,5;92,7;27766;223;114,9;1,5;1,45;1,08;1,24;8,9;7,1;1088837
      2012.07.31;85,1;81,3;76,3;104,8;72,7;83,40;84700;86100;1400;92;9;100,5;97;91,5;93,6;92,5;13;94,5;1193;455;313,23;88,1;113,5;87,8;92,3;95,1;91,6;20283;52;83,4;1,5;1,33;0,98;1,1;8,6;7;1071313
      2012.08.31;97,4;96,2;95,5;111,9;102;99,60;91600;94800;3200;92,9;5;101,3;92,8;94,2;95,4;93,2;8;94,7;1192,8;454,7;313,55;87,6;117,1;86,8;91;95,6;91,2;22984;380;99,6;1,5;1,44;1,07;1,15;8,3;6,7;1071479
      2012.09.30;106;105,5;112,6;113,1;109,3;110,10;88900;94200;5300;88,1;13;99,6;95,6;94,3;98;96;7;95,2;1192;454,2;314,81;86,6;118,3;85,8;89,8;93,5;90,6;24012;100;110,1;1,34;1,51;1,03;1,04;8,5;6,6;1078301
      2012.10.31;109,5;103,3;112,1;121,4;111,6;110,80;98100;104300;6200;90,9;-5;99,1;90,2;89,8;95,3;91,4;-15;91;1191,4;454,1;314,59;86,8;120;86,4;88,6;93,7;89,9;25803;106;110,8;1,25;1,54;1;0,98;8,6;6,6;1072771
      2012.11.30;107,3;100,1;112,9;111,8;106,8;107,20;97300;99500;2200;89,7;-3;97;85,5;90,6;93;90,9;-12;85,7;1191,4;454,1;313,82;87,4;118,4;86,6;88,8;94;89,9;26749;83;107,2;1,25;1,46;0,94;1,06;8,6;6,7;1066639
      2012.12.31;104,8;91,5;115,4;99,4;97,8;100,20;82700;82300;-400;110,9;-4;93,8;89,8;88,6;92,9;91,8;-19;87,4;1191,2;454;314,61;87,4;121,6;86,7;88,7;94,8;90,4;27486;218;100,2;1,18;1,51;0,96;1,01;8,7;6,6;1152662
      2013.01.31;95,4;88,8;77,5;117,4;99,9;91,30;88000;92600;4600;80,2;-1;98,6;86;89,7;96,5;91,7;-2;87,5;1194,8;456;312;87,1;120,7;87,3;88,6;94,4;90,3;17482;114;91,3;1;1,8;1,21;0,96;8,6;6,5;1246691
      2013.02.28;96,3;90,7;91,3;105,4;103,3;94,50;81900;87100;5200;75,1;7;99,6;94,2;89,4;95,8;93,3;16;92,8;1196,7;456,2;313,39;87;121,3;86,7;88;94,1;90;19143;50;94,5;1;2;1,4;0,98;8,5;6,4;1221314
      2013.03.31;109,7;102,6;111,5;117,9;107,7;109,20;87000;93000;6000;86,9;2;100,6;92;91,2;95,7;93,8;20;94,1;1195,9;456,2;314,65;86,4;120,7;85,6;86,3;91,1;89;24131;31;109,2;1;1,92;1,42;0,97;8,3;6,4;1210522
      2013.04.30;99,1;95,4;94,7;116;101,9;100,00;85600;93900;8300;87;-7;100,7;92,4;91;93,2;89,3;23;93;1203,7;459,1;314,03;86,1;114,6;85,2;85,1;89,9;88,1;26642;52;100;1;1,66;1,27;0,95;8,4;6,5;1212263
      2013.05.31;98,1;99,4;100,5;105,5;96,9;101,30;90500;93800;3300;96,9;-1;99,4;91;93,7;89,6;89,9;24;92,7;1204,9;459,8;314,54;86,5;110,3;85,7;85,6;90,3;88;28575;243;101,3;1;1,79;1,31;0,92;8,6;6,6;1211210
      2013.06.30;102,9;103,1;113,7;112,2;99,3;108,60;85700;89400;3700;95,8;7;99,8;94;91,7;95,4;96,6;20;95,2;1206,1;460;313,99;87;109,3;86,2;86,4;91,5;88,3;25289;214;108,6;1;2,05;1,55;0,91;8,7;6,6;1203462
      2013.07.31;82,2;79;75,6;104,6;65,7;81,60;82100;85500;3400;94,3;11;102,7;93,8;92,3;98;97,2;11;97;1207,9;460,4;313,55;87,1;111,4;86,1;87,6;92,3;89,1;20600;82;81,6;1;2,16;1,63;0,93;8,7;6,6;1201666
      2013.08.31;88,8;97;82,6;97,1;102,1;90,20;82500;83900;1400;94,6;17;102,1;96,5;91,2;99,9;101,2;22;97,6;1208,2;460,5;313,84;86,6;112,4;85,8;86,9;91,6;88,9;23807;201;90,2;1;2,34;1,81;0,93;8,7;6,5;1202820
      2013.09.30;103,8;104;116,2;109,7;107,3;108,50;88100;92600;4500;89,6;18;100,5;94,6;90,9;96,5;99;18;98,7;1208,2;460,9;315,05;86,8;114,5;86,5;87,9;93;89,5;25927;147;108,5;1;2,6;2,01;0,89;8,7;6,5;1200091
      2013.10.31;101,5;102,5;103,3;112,1;108,3;104,40;94700;97300;2600;93,8;19;103,5;96,5;92,8;100,6;103,2;10;99,4;1209,3;461,7;314,4;86,4;114,8;86,2;87,2;91,8;89,3;27101;61;104,4;1;2,44;1,82;0,92;8,7;6,4;1201371
      2013.11.30;105,7;101,3;115,1;108,4;108,1;106,80;92000;95000;3000;93,2;27;106;99,5;93,2;102,6;106,4;11;102,2;1209,3;462,1;314,2;86,5;115,4;86,7;87,8;91,9;89,6;26235;63;106,8;1;2,3;1,64;0,92;8,9;6,6;1217456
      2013.12.31;102,3;92;116;98,5;91,7;100,50;87800;86700;-1100;113,7;23;105,4;98,4;96,9;102,4;105,5;4;102;1209,4;461,7;315,04;87;118,6;87,4;89,1;94;90,6;27246;65;100,5;0,92;2,39;1,68;0,82;9;6,5;1277069
      2014.01.31;95,3;92,1;81,2;105,3;97,4;90,40;88600;92600;4000;82,7;33;104,5;99,8;96,5;105,2;107;22;103,4;1208,4;461,4;311,39;87,4;116,5;87,6;89;93,5;90,5;20334;24;90,4;0,75;2,37;1,67;0,73;8,8;6,5;1293209
      2014.02.28;97,1;92,5;92,4;105;101,7;94,80;83800;88800;5000;76,6;32;103,4;96,3;99,7;105,1;107,3;28;101,2;1209;461,8;312,7;86,9;116,1;87;88,2;92,4;90;22651;30;94,8;0,75;2,23;1,52;0,73;8,9;6,5;1247294
      2014.03.31;106,5;103,9;103,2;110;108,9;104,00;94100;95100;1000;88,7;26;102,6;96,4;97,5;106,2;107,2;35;100,9;1209;462,2;312,68;87,2;114,2;87,3;88,3;92,6;89,9;29520;40;104;0,75;2,16;1,45;0,73;8,9;6,4;1246569
      2014.04.30;99,5;98,6;97,2;107,6;103,9;100,00;92600;95200;2600;93,4;40;103,3;101,2;97,3;107,5;109,5;38;102,7;1219,8;465,7;313,89;87;111,5;87,1;88;91,9;89,5;29917;48;100;0,75;2,06;1,32;0,7;9;6,5;1224789
      2014.05.31;96,4;98,8;95,8;106,6;95,2;99,10;95500;94100;-1400;98,1;46;104,5;95,1;101,9;108,8;110,4;26;100,4;1221,4;466,8;314,05;88,2;111;88,1;89,9;94,5;90,5;29907;115;99,1;0,75;1,88;1,15;0,66;9;6,6;1225320
      2014.06.30;102,4;106,7;106,2;111,3;105,8;106,90;91500;96000;4500;98,6;42;104,6;99;107,5;107,9;110,2;26;102,1;1222,7;468;314,7;88,2;110;88;89,8;94,4;90,4;30843;300;106,9;0,75;1,8;1,03;0,58;9,1;6,7;1254645
      2014.07.31;78,2;75,7;70,9;98,3;52,8;77,50;85700;87400;1700;95,5;45;104,5;100,1;105,2;108,8;111,3;28;102;1220,5;467,5;313,67;88,5;109,1;87,9;89,8;93,9;90,4;22791;193;77,5;0,38;1,6;0,81;0,26;9,2;6,8;1257594
      2014.08.31;87,3;94,2;81,4;97;102;89,00;87800;84500;-3300;97,1;35;102,2;103,9;103,8;105,2;108,1;36;103,3;1220;468,7;313,35;89,2;110,3;88,9;91,3;95,1;91,3;25605;222;89;0,25;1,58;0,7;0,22;9,2;6,9;1261400
      2014.09.30;99,5;103,1;102,6;107,2;108,3;104,00;101000;102400;1400;92,1;44;105,2;101,2;105,2;107,9;110,1;27;101,9;1220,4;468,8;313,85;88,6;111;88,5;90,8;94,5;91;27781;102;104;0,25;1,51;0,6;0,19;9,2;7,1;1284466
      2014.10.31;102,4;102,3;101,8;112,3;108,7;104,30;104000;104400;400;97,8;40;101,6;101,6;104,9;107,1;110,5;14;102,2;1221,2;470,2;314,02;89;109,1;89;90,8;94;91,1;29594;144;104,3;0,22;1,3;0,4;0,14;9,2;7,2;1302530
      2014.11.30;101,3;101,6;97,8;107,4;110,9;101,10;95200;94900;-300;94,8;38;100,4;101,7;107,2;104,3;107,4;11;101,4;1220,7;470,3;313,56;88,8;107,3;89;90,2;92,7;90,8;27008;91;101,1;0;1,14;0,26;0,05;9,2;7,4;1290660
      2014.12.31;101,6;92,1;108,9;99,4;94,3;98,90;91200;91600;400;117,7;33;101,9;98,7;109,2;104,5;107;14;101,9;1219,4;470;314,05;89,5;104;89,4;89,6;90,8;90,6;28086;105;98,9;0;1,01;0,17;0,06;9,4;7,6;1394314
      2015.01.31;90,1;90,5;75,5;99,5;91,6;85,70;87700;89800;2100;86,1;39;101,6;98,6;108,6;106,3;109,9;22;101,7;1219,6;471,1;310,75;89,7;98,7;90,4;90,4;90,6;90,7;21299;76;85,7;0;0,78;0,31;0,11;9,4;8,1;1395528
      2015.02.28;93,3;93,3;85,3;95,1;97,7;90,60;90900;93500;2600;79,9;45;101,1;98,8;106,6;107,8;111,3;34;101,7;1221;471,7;312,93;90,4;104;90,8;91,8;93;91,7;24847;72;90,6;-0,04;0,62;0,12;-0,02;9,5;8,4;1366213
      2015.03.31;105,2;107,2;101,2;104,8;108;104,20;104000;107100;3100;93,8;44;101,9;97,7;104,4;107,9;110,1;37;101,1;1221,1;471,3;313,19;90,7;103,9;91,5;92,3;93,8;91,9;33518;84;104,2;-0,13;0,58;0,14;-0,11;9,2;8,5;1381080
      2015.04.30;103,4;103,8;103,6;105,7;107,3;104,00;96300;99500;3200;97,3;53;100,5;93;109,4;111,3;112,4;25;100;1234,9;475,5;313,16;90,5;102,5;90,9;92,1;93,9;91,7;32047;77;104;-0,25;0,34;-0,01;-0,26;9,3;8,7;1374973
      2015.05.31;101,1;102,9;102,9;102,8;98,4;102,90;94000;95900;1900;102,6;56;101,2;100,1;103,5;110,6;113;28;102,9;1236,8;476,2;314,24;91;101,3;91,1;92,8;95,2;91,9;31335;161;102,9;-0,25;0,75;0,24;-0,27;9,3;8,3;1363663
      2015.06.30;105,8;108,5;110,4;105,7;105,3;109,10;103300;109500;6200;105,4;52;101,1;100,5;102,4;108,8;110,3;29;102,5;1238,5;475,6;313,33;90,9;96,8;90,9;91,5;93,7;90,8;34414;113;109,1;-0,25;0,99;0,4;-0,32;9,3;8,3;1383034
      2015.07.31;80,3;78,5;68,8;97,1;56,7;77,80;88500;88700;200;104,8;50;100,9;101,5;105,4;107;109,5;26;103,3;1239,6;476,2;313,43;90,4;91,8;90,4;90;91,6;89,8;26242;115;77,8;-0,33;0,81;0,16;-0,48;9,4;8,5;1381460
      2015.08.31;92,1;99,2;85,8;90,2;104,7;91,80;92200;88900;-3300;100;53;102,8;102,9;107,1;111,7;113;30;105;1238,4;476,1;312,81;91;89,9;91,1;90,7;91,4;90;27821;186;91,8;-0,35;0,66;0,05;-0,46;9,5;8,5;1365630
      2015.09.30;106,9;106,8;118,9;102,3;109,9;111,10;103300;105400;2100;98,6;54;100,1;107,2;107,7;112,2;112,5;19;106,6;1238,4;475,7;314,06;90,8;90,4;91;90,3;91,2;89,8;31061;71;111,1;-0,35;0,71;0,05;-0,48;9,4;8,4;1354613
      2015.10.31;109,3;108,4;116,1;99,3;114,4;110,20;106800;103700;-3100;104,5;50;99,3;105,9;110,4;111,7;112,7;17;105,7;1240,4;476,3;314,29;90,5;92,8;90,6;89,1;90,3;89,5;32675;110;110,2;-0,35;0,66;0,04;-0,44;9,3;8,3;1344086
      2015.11.30;109,4;106;119,8;101,9;108;110,90;105500;100300;-5200;102,7;50;97;102,5;111;113,8;114,7;5;104,2;1241,3;476,7;313,75;90,5;92,8;91;89,1;89,7;89,4;32380;200;110,9;-0,35;0,8;0,12;-0,36;9,3;8,7;1322969
      2015.12.31;102,9;95,2;112,1;95,2;98,7;101,30;94300;98300;4000;124,3;56;100;105,2;110,4;113,7;115,7;14;105,6;1240,8;476,5;314,21;90,4;90,6;90,8;87,8;88,6;88,8;34293;158;101,3;-0,35;0,93;0,22;-0,38;9,2;8,5;1403421
      2016.01.31;96,5;93,5;91,7;94,1;102;92,20;86400;87100;700;89,5;56;99,2;111,1;109,3;113,9;115,6;21;108;1242,6;477,4;313,13;89,4;89,5;90,5;86,1;86,5;87,9;22383;53;92,2;-0,35;1,02;0,08;-0,46;9,3;8,5;1399271
      2016.02.28;99,2;99,4;101,1;83,6;108,6;96,70;94900;94600;-300;87,2;47;99,6;107,3;107,9;106,5;110,7;40;105,2;1242,9;477,4;314,14;90,1;85,5;91,2;86,4;86,6;87,9;28006;64;96,7;-0,41;0,77;-0,12;-0,5;9,4;8,5;1346798
      2016.03.31;111,2;111,3;114,8;103;123,2;110,90;102100;103700;1600;98,6;47;101,3;106,3;109;105,4;110,3;42;105,1;1240,7;477,3;315,7;90,7;88,8;91,2;87,2;88,1;88,6;36057;43;110,9;-0,5;0,82;-0,09;-0,59;9,3;8,4;1321262
      2016.04.30;105,7;105,5;103,6;114,7;111,1;106,50;97300;99500;2200;99,8;43;100;100,6;108,2;107,8;111,6;27;102,8;1254,1;479,8;315,64;89,9;86,4;90,5;86,3;86,9;87,7;35245;75;106,5;-0,5;0,81;-0,1;-0,6;9,2;8,1;1305306
      2016.05.31;101;105,5;104;96,6;104,2;102,70;100200;96200;-4000;108;42;99,9;101,2;111,1;106,5;109,4;15;102,5;1256,9;481,1;316,21;89,9;87,5;90,2;86,5;87,2;87,8;36610;157;102,7;-0,5;0,77;-0,17;-0,6;9,3;8,2;1316856
      2016.06.30;104,9;114;115,5;91,7;113,2;109,70;103600;103300;-300;108,8;43;101,7;101,5;112,6;104,7;107;22;103;1259,9;483,2;316,54;90,6;92,7;91,2;88,4;88,8;89,1;38237;166;109,7;-0,5;0,52;-0,35;-0,63;9,3;8,3;1362787
      2016.07.31;82,6;84,8;79;95,7;70,4;82,80;85800;86000;200;104,1;45;99,9;99,6;109,8;104,7;109,1;13;102,4;1260,5;483,7;316,73;90,8;89,3;91,4;88,1;88,2;88,9;25650;117;82,8;-0,5;0,17;-0,48;-0,67;9,5;8,6;1310896
      2016.08.31;86,7;94,9;78,1;89,4;98,4;87,20;98900;88400;-10500;105,4;33;99,2;97,2;109;103,8;107,6;21;101,1;1259,8;484;316,38;91,2;90,3;91,8;89,4;89,9;89,8;28811;209;87,2;-0,5;0,1;-0,53;-0,74;9,5;8,5;1365614
      2016.09.30;109,6;112,7;116,1;110,2;118,7;113,40;105400;108100;2700;99,9;25;102,8;100;110,2;101,6;104,9;19;103,5;1260,9;484,6;316,91;90,8;91,2;91,6;89,3;89,4;89,7;33570;144;113,4;-0,5;0,22;-0,29;-0,75;9,6;8,5;1292168
      2016.10.31;108,5;110,7;117,3;97,9;120,2;110,90;107200;103700;-3500;104,8;25;104,1;102,8;110,7;103,7;105,6;25;104,8;1262,7;485,8;318;91,8;101,8;92,2;91,2;91,4;91,5;33198;62;110,9;-0,5;0,24;-0,32;-0,75;9,7;8,8;1352180
      2016.11.30;109,3;110,3;114,7;103;117,2;110,60;115100;113000;-2100;107,9;23;103,6;106,2;113;102;103,2;22;106,8;1265,1;487,3;318,1;92,6;103,3;93;92,6;92,4;92,7;32396;124;110,6;-0,5;0,43;-0,2;-0,79;9,9;9,1;1335811
      2016.12.31;103,9;98,7;116,9;84,2;100,5;102,10;110500;109100;-1400;125,6;24;103;112,3;109;99,4;102,1;31;110,2;1264;487,9;319,68;93,3;109,5;93,8;94,9;95,4;94,5;37851;168;102,1;-0,5;0,61;-0,09;-0,79;9,7;9,2;1347253
      2017.01.31;99,3;100,1;91,1;93,2;98,5;94,80;102300;103100;800;92,1;24;103,6;111,2;110,4;98,6;102,6;34;108,8;1269,7;490,5;317,5;93,7;110,2;93,7;95,2;96,3;95,1;24039;58;94,8;-0,5;0,65;-0,02;-0,77;9,5;9;1326088
      2017.02.28;102,5;100,7;105,8;93,2;104,7;101,10;101900;100500;-1400;86,6;21;103,8;109,7;115,8;102,6;104,2;42;109;1276,8;491,7;319,73;93,2;109,6;92,7;93,8;94,6;94,4;28484;41;101,1;-0,5;0,66;0;-0,69;9,5;8,9;1329180
      2017.03.31;116,2;118,1;123,9;100,2;124;115,90;119600;119100;-500;99,9;21;104;107,1;114,1;101,8;104,9;37;108;1276,2;491,8;319,68;93,5;105,9;92,8;93,8;93,9;94,3;39476;94;115,9;-0,5;0,69;0,02;-0,63;9,5;8,9;1332410
      2017.04.30;107,1;109,1;112,7;97,8;101,5;107,00;102800;98900;-3900;101,3;31;104,1;114,4;113,8;101,6;104;43;110,8;1284,1;496,9;321,54;93,6;102,8;92,6;94;94,3;94,1;31841;65;107;-0,5;0,57;-0,08;-0,63;9,6;8,9;1307468
      2017.05.31;107,4;113,1;112;100,4;100,1;109,20;114100;115200;1100;110,7;29;107,6;113,2;117,9;100,8;103,7;39;111,8;1291;497,8;321,74;94,2;98,6;93,4;94,5;94,5;94,1;37151;77;109,2;-0,5;0,56;-0,08;-0,62;9,7;8,8;1306874
      2017.06.30;112,5;116,1;125,9;105,6;105,2;117,10;109900;115400;5500;112,2;37;105;115,2;115,1;106,2;108,1;36;111,7;1292;498,1;321,97;93,9;94;93,4;93,5;93,9;93,4;39881;37;117,1;-0,5;0,46;-0,16;-0,67;9,8;8,7;1310263
      2017.07.31;85,8;86,2;83,8;92,3;64,7;85,00;95600;93600;-2000;106,7;38;104,3;113,5;111,3;106;109,7;25;110,8;1290,4;497,1;323,69;94;96,9;93,7;93,8;94,6;93,9;26164;150;85;-0,5;0,66;-0,03;-0,75;9,6;8,3;1329531
      2017.08.31;91,9;100,5;89,8;82,2;92,5;92,70;106100;99000;-7100;107,3;31;103,8;110,8;117,7;103,6;105,4;30;109,7;1292,2;497,6;323,18;93;97,5;92,5;92,2;93,3;93,1;31373;499;92,7;-0,5;0,63;-0,02;-0,73;9,5;8,1;1241906
      2017.09.30;111,3;117,4;127,8;91,8;105,3;115,70;110300;112700;2400;102,7;29;103,7;118,9;114,8;100,1;104,8;47;112,2;1294,1;498,8;323,62;92,7;101,7;92,3;92,5;93,6;93,5;32543;87;115,7;-0,5;0,64;-0,03;-0,71;9,5;8;1240186
      2017.10.31;114,9;116,5;130,6;98;108,8;117,40;118000;116500;-1500;107,5;30;105,6;115,7;116,5;103,4;105,9;29;111,5;1296,9;500,7;323,38;92,8;102,4;92,4;92,6;93,7;93,8;33226;103;117,4;-0,5;0,88;-0,04;-0,68;9,6;8,2;1295685
      2017.11.30;116,8;114,8;129,8;102,9;104,6;117,40;121800;121700;-100;111,6;30;106,7;115,9;114,7;102,6;104,4;33;111,8;1298,3;502;324,04;93,1;108,6;92,8;94,4;95,6;95,2;33193;63;117,4;-0,5;0,76;-0,2;-0,71;9,8;8,4;1274296
      2017.12.31;112;102,4;129,8;90,3;101;109,80;113100;109100;-4000;128,2;37;106,2;110,2;114,4;102,2;102,7;19;110;1299,1;503,3;325,23;93,7;112,4;94,1;96,3;97,9;96,7;35357;99;109,8;-0,5;0,72;-0,05;-0,75;9,9;8,4;1327927
      2018.01.31;105,4;100,7;106,8;101,2;93,2;102,70;118800;115200;-3600;94,3;39;106,1;108,9;111,2;104,2;105,1;27;108,5;1306,1;506,2;322,51;93,7;115,1;94,3;97;98,7;97,5;23815;50;102,7;-0,5;0,85;0,24;-0,69;9,8;8,1;1250094
      2018.02.28;107,3;102,8;117,3;91,1;99,7;105,80;111100;108400;-2700;87,1;34;104,8;109,3;108,2;106,3;109,1;32;108,7;1310,7;508,2;324,87;93,4;115,3;93,8;96;97;97,1;27815;51;105,8;-0,5;0,91;0,3;-0,66;9,9;8;1241586
      2018.03.31;122,4;116;140;102,4;113,4;122,60;121100;122400;1300;103,9;21;103,5;112,3;112,1;105,3;107,5;38;109,1;1309,7;508,7;325,76;94;118,2;94,5;97,6;98,7;98,2;37957;65;122,6;-0,5;0,77;0,17;-0,66;10,2;8,2;1223914
      2018.04.30;107,8;108,3;118,5;95;97,4;109,20;124000;116800;-7200;105,2;17;103,6;115,1;114,1;101,8;102,2;41;110,6;1320,5;512,5;327,1;93,9;116,2;95,3;99,3;100,5;98,7;35601;41;109,2;-0,5;0,71;0,1;-0,7;10,4;8,4;1228655
      2018.05.31;111,8;113,9;120,7;103,3;102;114,00;131200;124400;-6800;115,6;34;103,1;115,2;107,1;103,7;105,1;25;110,1;1330,4;517;327,86;95,1;117,3;96,5;101,9;103,6;100,1;39446;76;114;-0,5;0,66;0,05;-0,7;10,4;8,8;1231174
      2018.06.30;116,5;116,3;133,2;108,2;107,6;121,40;125900;126100;200;112,9;36;102;113,9;106;105,6;105,2;31;110,2;1333,1;518,6;328,62;95,5;120;96,6;102,5;104,5;100,9;67553;102;121,4;-0,5;0,55;-0,05;-0,69;10,3;8,8;1231095
      2018.07.31;84,9;85,2;86,1;91,9;65,6;85,60;109900;108500;-1400;107,9;36;102,3;114,5;106,4;97,9;101,4;31;109,8;1337,1;520,9;330,33;95,6;126,2;96,8;103,2;105,3;101,8;13798;48;85,6;-0,5;0,51;-0,06;-0,67;10,3;8,8;1195589
      2018.08.31;93,2;100,8;95;84,6;91,6;94,90;121400;112800;-8600;111,2;25;104,3;116,8;106,4;102,4;104;40;110,4;1340,7;523;329,63;95,3;128,2;96,8;103,2;104,8;101,8;25765;183;94,9;-0,5;0,52;-0,05;-0,68;10,5;9,1;1203309
      2018.09.30;111,9;114,8;130,5;92,3;105,8;116,30;121500;123300;1800;104,2;33;105;112,8;106,5;104,3;105,8;35;109,7;1341,4;524;331,14;96,2;129,8;97,7;105;107,8;103;19886;68;116,3;-0,5;0,6;0,06;-0,73;10,4;9;1206450
      2018.10.31;118,8;116,2;135,6;109;111;122,10;144900;135900;-9000;110,3;28;101,5;111,5;102,8;101,5;103,3;32;106,5;1344,2;525;330,72;96;131,3;97,1;104,1;107;102,7;24128;71;122,1;-0,5;0,67;0,13;-0,7;10,4;9;1200033
      2018.11.30;117,9;112,1;133,7;108,7;108,3;119,70;135100;137600;2500;115,6;30;100,9;111,6;99,4;102,1;103,7;21;105,2;1345,1;526,1;330,4;96,3;129,8;97,5;103,4;104,5;102,8;26357;103;119,7;-0,5;0,6;0,07;-0,73;10,3;9,1;1210002
      2018.12.31;113,7;104,8;129,4;95,1;100,1;112,00;117400;110200;-7200;127,7;30;98,7;113,2;100,1;101,4;102,6;29;105,6;1344,8;524,8;331,87;96,4;125,7;97,3;102;102,1;102,1;23414;145;112;-0,5;0,47;-0,02;-0,65;10,3;9;1262091
      2019.01.31;109,3;100,6;111,8;113;94,1;107,00;124800;125700;900;96,6;32;97,5;106,9;102;100,3;101,7;28;101,4;1354,9;528,2;328,56;97,2;129,3;98;102,8;102,4;102,9;21117;68;107;-0,31;0,43;-0,05;-0,44;10,3;9;1204940
      2019.02.28;110,7;102,8;119,8;109,3;102,2;110,50;117600;122000;4400;90,4;22;97,7;109,1;101,7;99,1;99,6;38;102,4;1358,1;529,3;331,02;97,4;129,4;98,3;103,4;103,3;103,1;23789;66;110,5;-0,25;0,36;-0,11;-0,4;10,5;9,2;1224418
      2019.03.31;123;113,1;132,9;129,2;109,5;123,50;128300;133100;4800;105;26;99,9;104,8;101,4;98,8;101,3;26;102,7;1361;530,8;331,79;98,4;129,1;99,6;105,8;105,7;104,4;31079;69;123,5;-0,25;0,29;-0,15;-0,4;10,5;9,3;1144914
      2019.04.30;113,4;108,9;123,7;116,4;105,1;115,20;128800;128400;-400;113,3;31;100,7;107,2;102,5;105;103,3;28;104,7;1376,3;534,6;334,11;98;126,4;99,1;105;105,7;103,6;31451;74;115,2;-0,25;0,38;-0,23;-0,4;10,5;9,3;1140993
      2019.05.31;113,8;111;126;113,1;103,8;116,70;131000;136500;5500;117,5;36;98,3;102,1;102,9;106,8;105,5;14;101,8;1384,7;538,5;334,95;98,5;124,7;99,6;105,4;106,1;103,6;33250;154;116,7;-0,25;0,22;-0,39;-0,4;10,7;9,6;1077833
      2019.06.30;118,1;112,1;133,7;117,3;102,6;121,50;120900;122500;1600;116,3;32;98,5;100,9;100,8;102,2;103,3;10;100,4;1385,4;538,5;334,47;99,5;114,3;100,8;105,9;106,9;103,4;33119;457;121,5;-0,25;0,05;-0,51;-0,4;10,6;9,4;1110506
      2019.07.31;89,6;82,9;83,8;115,6;65,1;88,70;116500;123000;6500;115,2;29;101,5;96,6;101,8;101,2;100,8;8;98,2;1385;537,7;335,8;99,4;121,2;100,5;105,6;105,9;103,8;24951;100;88,7;-0,25;0,02;-0,5;-0,4;10,6;9,4;1073905
      2019.08.31;96,3;100,2;97,3;98,8;97,8;98,10;119200;113600;-5600;114,2;27;98,1;93,5;99,8;101,7;100,2;4;95,2;1385,3;537,7;334,39;99,1;120,7;100,1;104,7;104,6;103,3;30493;143;98,1;-0,25;-0,29;-0,67;-0,43;10,7;9,6;1072931
      2019.09.30;115,8;110,7;133,8;117,3;111,9;120,20;127100;128200;1100;109;27;95,8;94,8;100,9;102,1;99;-5;93,8;1385,5;537,5;335,95;99,5;118,6;100,4;104,9;106,2;103,2;27728;56;120,2;-0,25;-0,23;-0,59;-0,41;10,7;9,7;1071136
      2019.10.31;118,4;110,8;131,8;121,3;112,6;120,30;140900;137000;-3900;114;24;97,8;94,5;101,1;102;99,8;1;93,4;1384,4;535,9;336,04;99,3;121,3;100,7;105,4;106,1;103,6;30493;49;120,3;-0,25;-0,16;-0,51;-0,43;10,8;9,8;1034777
      2019.11.30;120,6;105,9;128,8;144,4;112,1;122,10;128900;131500;2600;117,3;28;97,7;94,1;102,6;104,7;103,2;-7;94,5;1384,5;536,3;336,36;99,5;125,8;100,9;105,4;106,4;104;31126;44;122,1;-0,25;0;-0,33;-0,47;10,7;9,6;1050628
      2019.12.31;113,3;97,4;126,2;115,1;97,2;111,10;119800;116900;-2900;133,1;38;97,8;94,2;102,6;108,7;104;2;94,2;1383,7;535,1;337,68;99,9;124,2;100,9;104,1;107,4;103,4;48365;187;111,1;-0,25;0,07;-0,22;-0,46;10,5;9,4;1112796
      2020.01.31;109,1;101,1;106,3;119,4;94,9;105,50;120300;131300;11100;100,8;30;97,9;98,7;102,3;108;104,1;19;97;1395,2;537,6;332,82;99,8;120,4;100,4;102,5;104,7;102,4;17790;42;105,5;-0,04;0,11;-0,18;-0,17;10,6;9,5;1091794
      2020.02.28;110,5;100,5;113,5;123,2;97,5;109,60;114800;127700;12900;98,2;39;101;101,3;101,1;110,4;106,9;33;99,3;1392,4;536,8;334,47;100;113,9;100,9;102;103,8;101,8;22489;44;109,6;0;-0,05;-0,28;-0,15;10,6;9,7;1055288
      2020.03.31;123,3;112,2;128,3;143,5;100,1;123,10;125600;131100;5500;106;37;95,8;98,6;99,5;104,8;104;12;93,7;1392,8;537,4;333,91;100,5;100,3;101,2;100,6;100,2;100,5;28535;68;123,1;0;-0,17;-0,38;-0,15;10,9;9,8;1118482
      2020.04.30;94,5;100,7;70,5;132,5;81,3;92,20;101000;106300;5300;110,2;-4;85;72,2;92,7;75,5;74,8;-51;61,9;1351,7;522,1;332,9;102,1;87,1;102,9;102,6;100,9;100,5;19831;143;92,2;0;-0,07;-0,27;-0,17;10,9;10;1148154
      2020.05.31;94,2;99,2;85,4;112,2;81,4;94,00;101500;102300;800;117,7;-9;86,3;76,4;88,6;77,6;77,2;-40;65,1;1352,1;521;334,91;101,3;87,5;102,1;101,2;100,1;99,6;16899;229;94;0;-0,06;-0,28;-0,14;10,6;9,7;1129350
      2020.06.30;104,9;104,3;107,9;131,2;96;109,40;115100;119600;4500;122,6;-13;90,6;89,6;87;84,6;82,5;-5;76,2;1344,3;517,1;336,84;100,6;95,8;100,2;99,7;99,6;99,5;26058;240;109,4;0;0,01;-0,24;-0,08;10,5;9,3;1157728
      2020.07.31;81,9;76,6;73,5;116,4;53;79,80;100600;103800;3200;120,1;0;92,1;95,6;91,7;94,3;94,3;14;84,5;1383,7;533,7;337,57;100,2;91,9;99,7;99;99,5;98,7;23804;96;79,8;0;-0,07;-0,3;-0,08;10,4;9;1185724
      2020.08.31;94,6;97,1;89,2;122,7;94,5;96,30;105800;103800;-2000;114,5;11;92,2;96,7;92,7;98,2;98,6;18;87,4;1393,2;537,3;337,07;99,3;99,9;98,3;97,5;98,2;98,6;26545;237;96,3;0;-0,04;-0,27;-0,12;10,3;8,7;1180767
      2020.09.30;113,3;110,8;128,2;116,8;105,9;117,60;121900;124700;2800;114,2;16;94,9;103,4;87;103,7;102,7;26;94,3;1390,6;536,1;337,27;98,5;99,7;98,3;98;97,1;98,9;29791;42;117,6;0;-0,08;-0,32;-0,13;10,4;8,8;1210292
      2020.10.31;117,2;111,4;128,1;129,1;110,5;120,30;124600;128600;4000;118,9;29;96,8;103,2;90,8;106,5;106,1;21;95,5;1393,9;538,5;336,97;99,5;96,6;99,1;99;98,3;99,3;29037;73;120,3;0;-0,03;-0,34;-0,13;10,4;8,8;1237548
      2020.11.30;118,6;110,2;130,6;126,1;108;120,60;126800;128200;1400;122,3;19;95,5;106,6;94,1;98,1;97,8;16;97,2;1402,3;541,2;337;99,1;99,7;98,7;98,5;98,4;99,5;27443;166;120,6;0;0;-0,34;-0,12;10,2;8,6;1136528
      2020.12.31;114,4;101,6;130,1;113,3;92,4;113,40;118500;119700;1200;133,7;7;97,2;105,7;93,6;99,1;100;24;96,8;1410,2;545,8;339,34;99,1;107,3;98,4;99,3;99,1;100,6;34974;459;113,4;0;0,01;-0,33;-0,18;10,2;8,4;1280392
      2021.01.31;108,6;101,5;107,2;123,5;95,5;106,40;110100;114100;4000;102,7;1;99,3;112,4;94;97,8;98,2;41;102,3;1422,8;554,8;338,09;97,6;116,6;98,2;99,2;99;101,6;21476;112;106,4;0;0,07;-0,19;-0,15;10,1;8,3;1270094
      2021.02.28;111,9;105,7;116;120,2;100,4;111,60;118800;123300;4500;99,4;1;101,1;111,8;96,4;99,9;101;47;104,5;1428,4;558,9;339,01;98,4;121,5;98,6;101,2;101,3;103,2;23586;37;111,6;0;0,25;-0,08;-0,13;10,1;8,3;1221669
      2021.03.31;128,8;120,4;140,2;140,2;110,5;130,60;141700;144100;2400;119;1;101,9;114;97,5;97;99,1;37;105,6;1430,9;561,7;339,54;98,7;118,4;98,7;102,7;102,3;104,3;48723;25;130,6;0;0,4;0,02;-0,16;10,2;8,5;1239196
      2021.04.30;116;110,4;119,9;131,4;100,7;117,10;130300;131700;1400;120,6;19;104,8;117,6;100,9;111,9;111,6;35;112,5;1444,2;573,2;340,37;99,5;113,7;100,1;106;104,5;106,1;23133;107;117,1;0;0,37;-0,01;-0,15;10,2;8,5;1225905
      2021.05.31;113,7;110,4;116,6;136,1;104;116,80;130300;133500;3200;130,4;35;109,2;121,8;107;107,1;111,2;41;116,9;1448,8;577,1;341,04;99,7;116,6;99,9;107,2;105,4;107,5;25713;94;116,8;0;0,42;0,03;-0,15;10,1;8,4;1199631
      2021.06.30;120,6;111,8;135,1;152,8;106;127,70;135500;144400;8900;133,3;28;107;120,8;108,8;112;113,2;32;117,2;1458,4;587,8;341,32;99,7;120,3;99,8;109,4;106,4;109,1;37638;64;127,7;0;0,36;-0,01;-0,16;10,1;8,4;1226638
      2021.07.31;90,4;86;87,2;120,1;65;90,50;120000;126700;6700;125,3;45;107,8;124,8;106,8;116,3;118,7;28;120,2;1476,9;604,2;342,23;100,3;126,7;100,8;112,5;108,4;112;18110;21;90,5;0;0,18;-0,12;-0,16;10,2;8,6;1214090
      2021.08.31;96;96;89,4;122,8;88,6;96,50;126400;115600;-10800;123,4;26;107,8;124,8;105,9;109,2;111,3;45;119,2;1490,5;618,2;343,99;100,8;131,7;101,6;115;109,9;114,2;20925;88;96,5;0;0,11;-0,16;-0,16;10,2;8,7;1172541
      2021.09.30;116,1;113;118,6;143,2;113,9;120,10;141300;146800;5500;119,9;30;108;122,8;109,3;115,9;117,4;29;118,8;1498,4;622,5;345,74;101,3;143,9;102,1;115,7;112,6;115,9;23745;34;120,1;0;0,27;-0,04;-0,17;10,2;8,6;1139452
      2021.10.31;122,1;111;128,1;152,7;114,1;125,30;146000;145500;-500;123,8;31;106,4;126,5;111,3;117,6;118,7;36;121,2;1508,1;625,2;346,44;101,6;140,2;102,4;115,9;115,5;116;20916;40;125,3;0;0,38;0,06;-0,21;10,1;8,7;1146498
      2021.11.30;123,4;110;128,9;158,4;124,6;125,00;153900;153400;-500;133,3;37;103,1;124,5;109,1;118,6;120,5;31;119,4;1508,2;625;348,03;102;150,4;102,8;116,3;115,3;117,5;22093;57;125;0;0,27;0,05;-0,35;10;8,8;1136431
      2021.12.31;118,1;100,2;129,7;134,2;97,4;116,40;152100;147400;-4700;142;32;101,9;127;107,7;115,3;116,7;31;119,4;1508,9;625,7;352,47;103,1;179,5;103,6;118,1;117,1;120,8;28255;153;116,4;0;0,14;-0,02;-0,38;10,3;9,1;1204265
      2022.01.31;111,2;97,8;105;143,9;94,3;107,60;142600;141400;-1200;106,4;21;96,5;122,6;111,2;105,3;109,3;36;113,4;1531,6;629,1;350,56;104,7;166,5;105,9;120,5;122,6;121,6;20527;71;107,6;0;0,36;0,19;-0,16;10,3;9,1;1203108
      2022.02.28;112,9;101,7;113,9;137,7;103,5;112,20;150200;151100;900;105,3;22;95,1;123,9;109,9;120,3;119;52;115,1;1545,5;635,8;353,56;105,4;165,6;107,2;122,5;125,9;123,1;21917;33;112,2;0;0,61;0,48;-0,14;10,5;9,3;1140196
      2022.03.31;130,8;120,5;132,6;172,4;115,8;132,60;180200;184100;3900;125,9;18;85,4;123,7;109,5;111,6;113,4;48;112,8;1568;651,3;359,8;107,5;198,4;108,5;130,5;135,6;129,9;29893;34;132,6;0;0,82;0,74;-0,22;10,6;9,6;1109205
      2022.04.30;115,8;104,9;113,1;167,3;104,4;117,80;160600;155900;-4700;129,5;21;84,6;121,3;109,5;110,6;112,2;28;111,2;1620,7;684,3;362,02;109,7;187,4;109,2;132,6;136,7;131,4;23050;87;117,8;0;1,47;1,35;-0,1;10,3;9,5;1132465
      2022.05.31;114,8;105,5;117,4;155,8;100,1;118,90;177500;172100;-5400;138,7;23;80;124;104,8;108,7;109,4;32;110,6;1650,2;694,7;365,82;111,6;201,4;109,4;135;137,1;133,7;27736;277;118,9;0,23;1,77;1,67;0,31;10,5;9,9;1033715
      2022.06.30;123,6;110;131,6;186,5;107,6;130,90;179900;181600;1700;137,1;24;76,5;119;107;101,1;104,3;24;105,6;1668,4;700,2;370,95;112,9;218,8;111,2;138,7;142,2;137;27374;129;130,9;0,25;1,86;1,94;0,51;10,6;10;1089549
      2022.07.31;99,1;81,6;94,8;171;62,5;98,30;156600;152700;-3900;129,6;14;70,2;119,5;106,7;91,9;95,8;33;103;1692,4;704,6;371,28;114,7;197,2;112,9;136,2;143,1;134,9;18789;39;98,3;0,68;1,53;1,67;0,78;10,6;10,4;1074707
      2022.08.31;98,9;91,4;85,8;152,7;89,2;98,30;167400;149600;-17800;130,2;6;70,1;115,3;105,1;91,6;94,5;30;99;1696;702;377,81;115,3;233,3;113;139,3;144,7;139,3;21493;219;98,3;0,75;1,61;1,81;1,13;10,5;10,4;1071133
      2022.09.30;122,6;106,3;134,8;181,7;105,9;129,20;180200;180100;-100;126,8;-2;64,9;109,7;104,2;85,4;88,4;17;93,6;1716,5;704,9;383,21;117,4;232,7;114,5;140,1;146,9;139,8;23047;52;129,2;1,11;2,08;2,34;1,51;10,8;10,9;1073370
      2022.10.31;125,7;102,7;137,3;193;108,7;132,30;187300;176600;-10700;127,8;-12;62,8;105;100,3;78,1;82;11;88,5;1738,7;708,6;384,04;118,6;204,9;116,6;139,4;144,5;137,7;23220;219;132,3;1,75;2,2;2,38;1,6;10,9;11,1;1043567
      2022.11.30;120,5;100,8;125,8;185,8;105,9;125,00;188400;183100;-5300;140,5;-8;66,4;105,1;102,2;79,5;80,2;3;88,9;1737,7;702,6;387,93;118,7;226,4;117,1;141,3;144,1;140,4;26295;133;125;1,78;2,01;2,18;1,68;10,9;10,7;1052608
      2022.12.31;117,8;93,3;132,1;166,4;96,1;118,80;173300;171000;-2300;147,6;-9;64,2;106;99,7;78,4;80,9;6;89,1;1744,8;701,6;395,96;118,4;260,4;116,9;141,3;142,6;143,4;35879;77;118,8;2,5;1,97;2,14;2,02;11;10,4;1092665
      2023.01.31;117,4;96,7;118,8;150,5;91,5;113,10;163600;172300;8700;114,6;-12;64,8;101,4;94,8;80;82;16;86,2;1783,8;710,8;391,5;121,1;186;118,4;138,1;141,7;135,9;15282;56;113,1;2,5;2,08;2,2;2,66;11,2;10,4;1115309
      2023.02.28;119,6;94,8;131,9;164;95,9;120,20;163200;170400;7200;109,5;-12;67,1;102,5;94,2;79,5;79,9;25;88,2;1801,9;718,1;395,82;121,6;175,3;119,4;136,9;141,2;134,6;19040;71;120,2;2,76;2,37;2,45;3,04;11,2;10,4;1026899
      2023.03.31;130;105,5;150,6;175,4;105,5;134,00;186400;196400;10000;127;-14;68,8;103,1;94,2;82,2;82,5;25;89,6;1803,5;719,2;398,08;122,1;171,2;119,6;136,9;140;134,4;30960;45;134;3;2,35;2,49;3,25;11,2;10,5;1058796
      2023.04.30;119,7;98,9;136,9;171;95,9;125,90;165100;162400;-2700;129,7;-14;69,9;101,1;95,9;80,3;78,3;15;88,1;1809,5;724,8;399,93;122,1;160,5;119,7;136,4;140,4;133,1;21413;96;125,9;3;2,37;2,52;3,41;11,3;10,3;1020035
      2023.05.31;116,1;96,9;136,6;180,7;93,6;125,70;179000;179300;300;143,1;-8;73,2;102,8;97,5;85,9;82,1;22;90;1831,9;732,9;401,19;122,7;143;120,8;135,4;138,5;130,9;29384;96;125,7;3,48;2,32;2,44;3,5;11,4;10,4;981120
      2023.06.30;114,5;96,1;139,3;191,6;89,4;127,30;175600;178600;3000;142,2;-5;74,3;101,3;93,4;86,8;82,9;8;90,1;1830,1;732,2;405,49;123,4;153,5;121,7;137,6;139,9;132,8;29132;116;127,3;3,5;2,46;2,64;3,54;11,7;10,8;1020434
      2023.07.31;91;75,9;93,8;161,1;55,5;91,90;141500;148200;6700;135;2;74,1;96,9;93,6;88,3;84,3;-1;87,5;1838,3;732,9;405,67;124,6;140,4;123,8;138,5;142,4;132;18073;65;91,9;3,73;2,52;2,76;3,71;11,6;10,5;1009068
      2023.08.31;100,5;90,4;97,4;159,9;84,8;103,40;166100;158700;-7400;135,8;1;72;96,9;95,9;87,7;84,9;9;85,5;1850,5;738,1;405,97;123,4;145,9;122,2;136,6;140;131,1;24578;307;103,4;3,75;2,75;2,9;3,79;11,8;10,8;974241
      2023.09.30;117,6;97,4;143,8;190,6;94,1;128,50;184100;185700;1600;126,5;-10;70,7;100,5;92,3;84,3;81,2;10;86,2;1846,8;739,5;408,05;124,6;146,7;124,9;141,2;145,8;133,4;28893;42;128,5;3,79;2,89;3,04;3,83;11,8;11,1;974957
      2023.10.31;125,7;98;144,9;203,8;101,2;131,30;187500;195000;7500;132,8;-1;71,6;99,4;93,1;91,1;88;11;85,1;1853,9;740,9;409,07;124,7;143,1;125,3;139,4;145,8;132,6;25730;43;131,3;4;3,02;3,06;3,96;11,6;11;987792
      2023.11.30;124,6;95,1;145,9;169,8;97,5;125,90;180800;192900;12100;143,1;-11;73,8;99,5;89,8;88,5;87,7;5;85,4;1861,2;743,5;410,35;123,6;167,6;124;137,8;142,7;134,5;25928;103;125,9;4;2,76;2,79;4,1;11,6;10,7;979082
      2023.12.31;;;;;;;156400;160200;3800;148,6;-5;74,8;95,1;87,8;92,7;89,3;-5;84,7;1847,8;738;413,34;122,4;162,4;122,7;134,2;138,7;132,4;29694;188;;4;2,31;2,35;4,03;11,2;10,3;1027560
      2024.01.31;;;;;;;;;;;-2;82,3;99,3;91,6;96;93;12;90,5;;;;;;;;;;;;;4;2,29;2,32;4,03;11,2;10,2;
      2024.02.28;;;;;;;;;;;;;;;;;;;;;;;;;;;;;;;;;;;;;
